sample_id,SLOT_MAIN_LENGTH,SLOT_MAIN_HEIGHT,PATCH_BRICK_1_SIDE_MARGIN,PATCH_BRICK_1_TOP_MARGIN,PATCH_BRICK_3_BOTTOM_MARGIN,PATCH_BRICK_2_HEIGHT_MARGIN,PATCH_BRICK_4_MARGIN,UPPER_CORNER_NOTCH_1_K1,UPPER_CORNER_NOTCH_1_K2,UPPER_CORNER_EAR_1_K1,UPPER_CORNER_EAR_1_K2,LOWER_CORNER_NOTCH_1_K1,LOWER_CORNER_NOTCH_1_K2,LOWER_CORNER_EAR_1_K1,LOWER_CORNER_EAR_1_K2,LOWER_CORNER_EAR_2_K1,LOWER_CORNER_EAR_2_K2,BRANCH_UP_1_K,BRANCH_UP_1_K2,BRANCH_UP_1_K3,BRANCH_DOWN_1_K,BRANCH_DOWN_1_K2,BRANCH_DOWN_1_K3,geometry_valid,geometry_error,final_conductor_components
0,53,2,6,2.6000000000000001,2,15,4,0.61818181818181817,0.93333333333333335,0.41176470588235292,0.071428571428571425,0.77454545454545454,0.70588235294117652,0.23474178403755869,0.66666666666666663,0.24539877300613497,0.25,0.93367211855890042,0.29008095779140819,0.15182137718101524,0.5,0.5,0,True,,1
1,53,2,6,2.6000000000000001,2,15,4,0.61818181818181817,0.93333333333333335,0.41176470588235292,0.071428571428571425,0.77454545454545454,0.70588235294117652,0.23474178403755869,0.66666666666666663,0.24539877300613497,0.25,0.13444867350718126,0.13529917125425875,0.88847240544197315,0.5,0.5,0,True,,1
2,53,2,6,2.6000000000000001,2,15,4,0.61818181818181817,0.93333333333333335,0.41176470588235292,0.071428571428571425,0.77454545454545454,0.70588235294117652,0.23474178403755869,0.66666666666666663,0.24539877300613497,0.25,0.65776950374574894,0.60691333204244791,0.98665347469489662,0.5,0.5,0,True,,1
3,53,2,6,2.6000000000000001,2,15,4,0.61818181818181817,0.93333333333333335,0.41176470588235292,0.071428571428571425,0.77454545454545454,0.70588235294117652,0.23474178403755869,0.66666666666666663,0.24539877300613497,0.25,0.97086344233300392,0.11629798879841166,0.43632216374185118,0.5,0.5,0,True,,1
4,53,2,6,2.6000000000000001,2,15,4,0.61818181818181817,0.93333333333333335,0.41176470588235292,0.071428571428571425,0.77454545454545454,0.70588235294117652,0.23474178403755869,0.66666666666666663,0.24539877300613497,0.25,0.87369982331936091,0.95671027948804865,0.13187480018748632,0.5,0.5,0,True,,1
5,53,2,6,2.6000000000000001,2,15,4,0.61818181818181817,0.93333333333333335,0.41176470588235292,0.071428571428571425,0.77454545454545454,0.70588235294117652,0.23474178403755869,0.66666666666666663,0.24539877300613497,0.25,0.23522434320797286,0.46310188949966996,0.36239458820734466,0.5,0.5,0,True,,1
6,53,2,6,2.6000000000000001,2,15,4,0.61818181818181817,0.93333333333333335,0.41176470588235292,0.071428571428571425,0.77454545454545454,0.70588235294117652,0.23474178403755869,0.66666666666666663,0.24539877300613497,0.25,0.57906248983898367,0.7790504603649322,0.20530190594395797,0.5,0.5,0,True,,1
7,53,2,6,2.6000000000000001,2,15,4,0.61818181818181817,0.93333333333333335,0.41176470588235292,0.071428571428571425,0.77454545454545454,0.70588235294117652,0.23474178403755869,0.66666666666666663,0.24539877300613497,0.25,0.93967281502893496,0.46167858997954087,0.57580862241263686,0.5,0.5,0,True,,1
8,53,2,6,2.6000000000000001,2,15,4,0.61818181818181817,0.93333333333333335,0.41176470588235292,0.071428571428571425,0.77454545454545454,0.70588235294117652,0.23474178403755869,0.66666666666666663,0.24539877300613497,0.25,0.081573483922549997,0.58038699054820064,0.57930963618120446,0.5,0.5,0,True,,1
9,53,2,6,2.6000000000000001,2,15,4,0.61818181818181817,0.93333333333333335,0.41176470588235292,0.071428571428571425,0.77454545454545454,0.70588235294117652,0.23474178403755869,0.66666666666666663,0.24539877300613497,0.25,0.89524380958356331,0.91291012296449359,0.95059011325939557,0.5,0.5,0,True,,1
10,53,2,6,2.6000000000000001,2,15,4,0.61818181818181817,0.93333333333333335,0.41176470588235292,0.071428571428571425,0.77454545454545454,0.70588235294117652,0.23474178403755869,0.66666666666666663,0.24539877300613497,0.25,0.64707990820776262,0.4748132599091327,0.68604909035930695,0.5,0.5,0,True,,1
11,53,2,6,2.6000000000000001,2,15,4,0.61818181818181817,0.93333333333333335,0.41176470588235292,0.071428571428571425,0.77454545454545454,0.70588235294117652,0.23474178403755869,0.66666666666666663,0.24539877300613497,0.25,0.99237607315199738,0.067968308280966019,0.3293685752517439,0.5,0.5,0,True,,1
12,53,2,6,2.6000000000000001,2,15,4,0.61818181818181817,0.93333333333333335,0.41176470588235292,0.071428571428571425,0.77454545454545454,0.70588235294117652,0.23474178403755869,0.66666666666666663,0.24539877300613497,0.25,0.12802715641708801,0.6241373596212948,0.46340340277422964,0.5,0.5,0,True,,1
13,53,2,6,2.6000000000000001,2,15,4,0.61818181818181817,0.93333333333333335,0.41176470588235292,0.071428571428571425,0.77454545454545454,0.70588235294117652,0.23474178403755869,0.66666666666666663,0.24539877300613497,0.25,0.27553199408641005,0.44923086149599301,0.9352263448670789,0.5,0.5,0,True,,1
14,53,2,6,2.6000000000000001,2,15,4,0.61818181818181817,0.93333333333333335,0.41176470588235292,0.071428571428571425,0.77454545454545454,0.70588235294117652,0.23474178403755869,0.66666666666666663,0.24539877300613497,0.25,0.15555970554406684,0.3695642969212416,0.21749002196246692,0.5,0.5,0,True,,1
15,53,2,6,2.6000000000000001,2,15,4,0.61818181818181817,0.93333333333333335,0.41176470588235292,0.071428571428571425,0.77454545454545454,0.70588235294117652,0.23474178403755869,0.66666666666666663,0.24539877300613497,0.25,0.13881456757990684,0.08213112240144374,0.64477273231641041,0.5,0.5,0,True,,1
16,53,2,6,2.6000000000000001,2,15,4,0.61818181818181817,0.93333333333333335,0.41176470588235292,0.071428571428571425,0.77454545454545454,0.70588235294117652,0.23474178403755869,0.66666666666666663,0.24539877300613497,0.25,0.95756695808692827,0.80125990312600426,0.93899654001569965,0.5,0.5,0,True,,1
17,53,2,6,2.6000000000000001,2,15,4,0.61818181818181817,0.93333333333333335,0.41176470588235292,0.071428571428571425,0.77454545454545454,0.70588235294117652,0.23474178403755869,0.66666666666666663,0.24539877300613497,0.25,0.40030879583483553,0.17863535107533196,0.27120675974924874,0.5,0.5,0,True,,1
18,53,2,6,2.6000000000000001,2,15,4,0.61818181818181817,0.93333333333333335,0.41176470588235292,0.071428571428571425,0.77454545454545454,0.70588235294117652,0.23474178403755869,0.66666666666666663,0.24539877300613497,0.25,0.63324757184386027,0.26253275989422492,0.38439051305506017,0.5,0.5,0,True,,1
19,53,2,6,2.6000000000000001,2,15,4,0.61818181818181817,0.93333333333333335,0.41176470588235292,0.071428571428571425,0.77454545454545454,0.70588235294117652,0.23474178403755869,0.66666666666666663,0.24539877300613497,0.25,0.55270558370913769,0.96386539463958576,0.41538379752048094,0.5,0.5,0,True,,1
20,53,2,6,2.6000000000000001,2,15,4,0.61818181818181817,0.93333333333333335,0.41176470588235292,0.071428571428571425,0.77454545454545454,0.70588235294117652,0.23474178403755869,0.66666666666666663,0.24539877300613497,0.25,0.52627962915184756,0.92756380642636105,0.31618987320932906,0.5,0.5,0,True,,1
21,53,2,6,2.6000000000000001,2,15,4,0.61818181818181817,0.93333333333333335,0.41176470588235292,0.071428571428571425,0.77454545454545454,0.70588235294117652,0.23474178403755869,0.66666666666666663,0.24539877300613497,0.25,0.090579604753480925,0.86774632613903546,0.77114109263169572,0.5,0.5,0,True,,1
22,53,2,6,2.6000000000000001,2,15,4,0.61818181818181817,0.93333333333333335,0.41176470588235292,0.071428571428571425,0.77454545454545454,0.70588235294117652,0.23474178403755869,0.66666666666666663,0.24539877300613497,0.25,0.70299746708726873,0.38987394004214482,0.66004230417815402,0.5,0.5,0,True,,1
23,53,2,6,2.6000000000000001,2,15,4,0.61818181818181817,0.93333333333333335,0.41176470588235292,0.071428571428571425,0.77454545454545454,0.70588235294117652,0.23474178403755869,0.66666666666666663,0.24539877300613497,0.25,0.94078891641836526,0.75578823173633103,0.94224538406219016,0.5,0.5,0,True,,1
24,53,2,6,2.6000000000000001,2,15,4,0.61818181818181817,0.93333333333333335,0.41176470588235292,0.071428571428571425,0.77454545454545454,0.70588235294117652,0.23474178403755869,0.66666666666666663,0.24539877300613497,0.25,0.52897009902713943,0.35725197401728542,0.9114737695644568,0.5,0.5,0,True,,1
25,53,2,6,2.6000000000000001,2,15,4,0.61818181818181817,0.93333333333333335,0.41176470588235292,0.071428571428571425,0.77454545454545454,0.70588235294117652,0.23474178403755869,0.66666666666666663,0.24539877300613497,0.25,0.96987141167789936,0.12411438577564918,0.53458001992086368,0.5,0.5,0,True,,1
26,53,2,6,2.6000000000000001,2,15,4,0.61818181818181817,0.93333333333333335,0.41176470588235292,0.071428571428571425,0.77454545454545454,0.70588235294117652,0.23474178403755869,0.66666666666666663,0.24539877300613497,0.25,0.44893427899108157,0.53667210381500574,0.19083377113837557,0.5,0.5,0,True,,1
27,53,2,6,2.6000000000000001,2,15,4,0.61818181818181817,0.93333333333333335,0.41176470588235292,0.071428571428571425,0.77454545454545454,0.70588235294117652,0.23474178403755869,0.66666666666666663,0.24539877300613497,0.25,0.83234667628284498,0.09534877715234065,0.91915711599033223,0.5,0.5,0,True,,1
28,53,2,6,2.6000000000000001,2,15,4,0.61818181818181817,0.93333333333333335,0.41176470588235292,0.071428571428571425,0.77454545454545454,0.70588235294117652,0.23474178403755869,0.66666666666666663,0.24539877300613497,0.25,0.91454465725303646,0.24170023572316596,0.9298608467249494,0.5,0.5,0,True,,1
29,53,2,6,2.6000000000000001,2,15,4,0.61818181818181817,0.93333333333333335,0.41176470588235292,0.071428571428571425,0.77454545454545454,0.70588235294117652,0.23474178403755869,0.66666666666666663,0.24539877300613497,0.25,0.21871839926850906,0.82944739670233347,0.96006719445670696,0.5,0.5,0,True,,1
30,53,2,6,2.6000000000000001,2,15,4,0.61818181818181817,0.93333333333333335,0.41176470588235292,0.071428571428571425,0.77454545454545454,0.70588235294117652,0.23474178403755869,0.66666666666666663,0.24539877300613497,0.25,0.49215107190467766,0.63858231198907744,0.48933846955145727,0.5,0.5,0,True,,1
31,53,2,6,2.6000000000000001,2,15,4,0.61818181818181817,0.93333333333333335,0.41176470588235292,0.071428571428571425,0.77454545454545454,0.70588235294117652,0.23474178403755869,0.66666666666666663,0.24539877300613497,0.25,0.36801713305541689,0.68932897266917714,0.40765276354437918,0.5,0.5,0,True,,1
32,53,2,6,2.6000000000000001,2,15,4,0.61818181818181817,0.93333333333333335,0.41176470588235292,0.071428571428571425,0.77454545454545454,0.70588235294117652,0.23474178403755869,0.66666666666666663,0.24539877300613497,0.25,0.86743696099846668,0.54492506393053475,0.95826418751316444,0.5,0.5,0,True,,1
33,53,2,6,2.6000000000000001,2,15,4,0.61818181818181817,0.93333333333333335,0.41176470588235292,0.071428571428571425,0.77454545454545454,0.70588235294117652,0.23474178403755869,0.66666666666666663,0.24539877300613497,0.25,0.48038985980840754,0.20698080261090041,0.84040816555479259,0.5,0.5,0,True,,1
34,53,2,6,2.6000000000000001,2,15,4,0.61818181818181817,0.93333333333333335,0.41176470588235292,0.071428571428571425,0.77454545454545454,0.70588235294117652,0.23474178403755869,0.66666666666666663,0.24539877300613497,0.25,0.85952743947356802,0.87679308217998231,0.51637947200457723,0.5,0.5,0,True,,1
35,53,2,6,2.6000000000000001,2,15,4,0.61818181818181817,0.93333333333333335,0.41176470588235292,0.071428571428571425,0.77454545454545454,0.70588235294117652,0.23474178403755869,0.66666666666666663,0.24539877300613497,0.25,0.67878882751608927,0.10799305996443037,0.75354279691955861,0.5,0.5,0,True,,1
36,53,2,6,2.6000000000000001,2,15,4,0.61818181818181817,0.93333333333333335,0.41176470588235292,0.071428571428571425,0.77454545454545454,0.70588235294117652,0.23474178403755869,0.66666666666666663,0.24539877300613497,0.25,0.94702238827371954,0.76072557809611219,0.37889703679601738,0.5,0.5,0,True,,1
37,53,2,6,2.6000000000000001,2,15,4,0.61818181818181817,0.93333333333333335,0.41176470588235292,0.071428571428571425,0.77454545454545454,0.70588235294117652,0.23474178403755869,0.66666666666666663,0.24539877300613497,0.25,0.62732856712670515,0.8727253968161518,0.89623040799339304,0.5,0.5,0,True,,1
38,53,2,6,2.6000000000000001,2,15,4,0.61818181818181817,0.93333333333333335,0.41176470588235292,0.071428571428571425,0.77454545454545454,0.70588235294117652,0.23474178403755869,0.66666666666666663,0.24539877300613497,0.25,0.96300682253309289,0.7037267839023551,0.60620845040873395,0.5,0.5,0,True,,1
39,53,2,6,2.6000000000000001,2,15,4,0.61818181818181817,0.93333333333333335,0.41176470588235292,0.071428571428571425,0.77454545454545454,0.70588235294117652,0.23474178403755869,0.66666666666666663,0.24539877300613497,0.25,0.45120010834842794,0.9890624130887371,0.44889486857531574,0.5,0.5,0,True,,1
40,53,2,6,2.6000000000000001,2,15,4,0.61818181818181817,0.93333333333333335,0.41176470588235292,0.071428571428571425,0.77454545454545454,0.70588235294117652,0.23474178403755869,0.66666666666666663,0.24539877300613497,0.25,0.55011210531866972,0.2471541984083272,0.76683553597217979,0.5,0.5,0,True,,1
41,53,2,6,2.6000000000000001,2,15,4,0.61818181818181817,0.93333333333333335,0.41176470588235292,0.071428571428571425,0.77454545454545454,0.70588235294117652,0.23474178403755869,0.66666666666666663,0.24539877300613497,0.25,0.41155266962929993,0.94017133826851418,0.69491052764112404,0.5,0.5,0,True,,1
42,53,2,6,2.6000000000000001,2,15,4,0.61818181818181817,0.93333333333333335,0.41176470588235292,0.071428571428571425,0.77454545454545454,0.70588235294117652,0.23474178403755869,0.66666666666666663,0.24539877300613497,0.25,0.72345119143740799,0.65134722481307761,0.52240182864722506,0.5,0.5,0,True,,1
43,53,2,6,2.6000000000000001,2,15,4,0.61818181818181817,0.93333333333333335,0.41176470588235292,0.071428571428571425,0.77454545454545454,0.70588235294117652,0.23474178403755869,0.66666666666666663,0.24539877300613497,0.25,0.50388239422838155,0.95114586849230354,0.61186910887416934,0.5,0.5,0,True,,1
44,53,2,6,2.6000000000000001,2,15,4,0.61818181818181817,0.93333333333333335,0.41176470588235292,0.071428571428571425,0.77454545454545454,0.70588235294117652,0.23474178403755869,0.66666666666666663,0.24539877300613497,0.25,0.53416541071928803,0.73836665123126177,0.72919251232028015,0.5,0.5,0,True,,1
45,53,2,6,2.6000000000000001,2,15,4,0.61818181818181817,0.93333333333333335,0.41176470588235292,0.071428571428571425,0.77454545454545454,0.70588235294117652,0.23474178403755869,0.66666666666666663,0.24539877300613497,0.25,0.41594217106379044,0.59317915098130547,0.65704930863182454,0.5,0.5,0,True,,1
46,53,2,6,2.6000000000000001,2,15,4,0.61818181818181817,0.93333333333333335,0.41176470588235292,0.071428571428571425,0.77454545454545454,0.70588235294117652,0.23474178403755869,0.66666666666666663,0.24539877300613497,0.25,0.38049411952128742,0.40722199875482401,0.057041906233413486,0.5,0.5,0,True,,1
47,53,2,6,2.6000000000000001,2,15,4,0.61818181818181817,0.93333333333333335,0.41176470588235292,0.071428571428571425,0.77454545454545454,0.70588235294117652,0.23474178403755869,0.66666666666666663,0.24539877300613497,0.25,0.14344240859452326,0.25154384608606195,0.99203450917564862,0.5,0.5,0,True,,1
48,53,2,6,2.6000000000000001,2,15,4,0.61818181818181817,0.93333333333333335,0.41176470588235292,0.071428571428571425,0.77454545454545454,0.70588235294117652,0.23474178403755869,0.66666666666666663,0.24539877300613497,0.25,0.99847429969512869,0.97684549932132581,0.38864109783885314,0.5,0.5,0,True,,1
49,53,2,6,2.6000000000000001,2,15,4,0.61818181818181817,0.93333333333333335,0.41176470588235292,0.071428571428571425,0.77454545454545454,0.70588235294117652,0.23474178403755869,0.66666666666666663,0.24539877300613497,0.25,0.17134547535065475,0.43862041199728297,0.53702596882988618,0.5,0.5,0,True,,1
50,53,2,6,2.6000000000000001,2,15,4,0.61818181818181817,0.93333333333333335,0.41176470588235292,0.071428571428571425,0.77454545454545454,0.70588235294117652,0.23474178403755869,0.66666666666666663,0.24539877300613497,0.25,0.18690705158427728,0.15391454972356616,0.25669777933946425,0.5,0.5,0,True,,1
51,53,2,6,2.6000000000000001,2,15,4,0.61818181818181817,0.93333333333333335,0.41176470588235292,0.071428571428571425,0.77454545454545454,0.70588235294117652,0.23474178403755869,0.66666666666666663,0.24539877300613497,0.25,0.74264427687547907,0.23383217114687421,0.33918404235484595,0.5,0.5,0,True,,1
52,53,2,6,2.6000000000000001,2,15,4,0.61818181818181817,0.93333333333333335,0.41176470588235292,0.071428571428571425,0.77454545454545454,0.70588235294117652,0.23474178403755869,0.66666666666666663,0.24539877300613497,0.25,0.096967532751104535,0.61126094002442843,0.63449651069815383,0.5,0.5,0,True,,1
53,53,2,6,2.6000000000000001,2,15,4,0.61818181818181817,0.93333333333333335,0.41176470588235292,0.071428571428571425,0.77454545454545454,0.70588235294117652,0.23474178403755869,0.66666666666666663,0.24539877300613497,0.25,0.11195818479080245,0.76637094327240418,0.23137099317814286,0.5,0.5,0,True,,1
54,53,2,6,2.6000000000000001,2,15,4,0.61818181818181817,0.93333333333333335,0.41176470588235292,0.071428571428571425,0.77454545454545454,0.70588235294117652,0.23474178403755869,0.66666666666666663,0.24539877300613497,0.25,0.71682923621690731,0.84780457023970868,0.28917865237819496,0.5,0.5,0,True,,1
55,53,2,6,2.6000000000000001,2,15,4,0.61818181818181817,0.93333333333333335,0.41176470588235292,0.071428571428571425,0.77454545454545454,0.70588235294117652,0.23474178403755869,0.66666666666666663,0.24539877300613497,0.25,0.43520584098292531,0.41981626643262709,0.87754123776055892,0.5,0.5,0,True,,1
56,53,2,6,2.6000000000000001,2,15,4,0.61818181818181817,0.93333333333333335,0.41176470588235292,0.071428571428571425,0.77454545454545454,0.70588235294117652,0.23474178403755869,0.66666666666666663,0.24539877300613497,0.25,0.32555288250383485,0.90428546970583812,0.58448653759746039,0.5,0.5,0,True,,1
57,53,2,6,2.6000000000000001,2,15,4,0.61818181818181817,0.93333333333333335,0.41176470588235292,0.071428571428571425,0.77454545454545454,0.70588235294117652,0.23474178403755869,0.66666666666666663,0.24539877300613497,0.25,0.60162393109106482,0.65797261851409872,0.55620828939910127,0.5,0.5,0,True,,1
58,53,2,6,2.6000000000000001,2,15,4,0.61818181818181817,0.93333333333333335,0.41176470588235292,0.071428571428571425,0.77454545454545454,0.70588235294117652,0.23474178403755869,0.66666666666666663,0.24539877300613497,0.25,0.34708058295787786,0.21698850045875762,0.084346365727193284,0.5,0.5,0,True,,1
59,53,2,6,2.6000000000000001,2,15,4,0.61818181818181817,0.93333333333333335,0.41176470588235292,0.071428571428571425,0.77454545454545454,0.70588235294117652,0.23474178403755869,0.66666666666666663,0.24539877300613497,0.25,0.71245494489928063,0.34181952509800606,0.8213899740942695,0.5,0.5,0,True,,1
60,53,2,6,2.6000000000000001,2,15,4,0.61818181818181817,0.93333333333333335,0.41176470588235292,0.071428571428571425,0.77454545454545454,0.70588235294117652,0.23474178403755869,0.66666666666666663,0.24539877300613497,0.25,0.90147903043113331,0.43249203042159029,0.56737999886500168,0.5,0.5,0,True,,1
61,53,2,6,2.6000000000000001,2,15,4,0.61818181818181817,0.93333333333333335,0.41176470588235292,0.071428571428571425,0.77454545454545454,0.70588235294117652,0.23474178403755869,0.66666666666666663,0.24539877300613497,0.25,0.79720938134997965,0.95312755366463342,0.24797823319108281,0.5,0.5,0,True,,1
62,53,2,6,2.6000000000000001,2,15,4,0.61818181818181817,0.93333333333333335,0.41176470588235292,0.071428571428571425,0.77454545454545454,0.70588235294117652,0.23474178403755869,0.66666666666666663,0.24539877300613497,0.25,0.85359327469114943,0.37413582055430256,0.11023969462437883,0.5,0.5,0,True,,1
63,53,2,6,2.6000000000000001,2,15,4,0.61818181818181817,0.93333333333333335,0.41176470588235292,0.071428571428571425,0.77454545454545454,0.70588235294117652,0.23474178403755869,0.66666666666666663,0.24539877300613497,0.25,0.76414551401210273,0.50223098716898851,0.11784805100682545,0.5,0.5,0,True,,1
64,53,2,6,2.6000000000000001,2,15,4,0.61818181818181817,0.93333333333333335,0.41176470588235292,0.071428571428571425,0.77454545454545454,0.70588235294117652,0.23474178403755869,0.66666666666666663,0.24539877300613497,0.25,0.40309394363367956,0.96010910042772313,0.55209127738688513,0.5,0.5,0,True,,1
65,53,2,6,2.6000000000000001,2,15,4,0.61818181818181817,0.93333333333333335,0.41176470588235292,0.071428571428571425,0.77454545454545454,0.70588235294117652,0.23474178403755869,0.66666666666666663,0.24539877300613497,0.25,0.8111519735459024,0.62810201003353927,0.35944952237182842,0.5,0.5,0,True,,1
66,53,2,6,2.6000000000000001,2,15,4,0.61818181818181817,0.93333333333333335,0.41176470588235292,0.071428571428571425,0.77454545454545454,0.70588235294117652,0.23474178403755869,0.66666666666666663,0.24539877300613497,0.25,0.75518509208156281,0.52599655377646848,0.17925050768431028,0.5,0.5,0,True,,1
67,53,2,6,2.6000000000000001,2,15,4,0.61818181818181817,0.93333333333333335,0.41176470588235292,0.071428571428571425,0.77454545454545454,0.70588235294117652,0.23474178403755869,0.66666666666666663,0.24539877300613497,0.25,0.78314963672974591,0.11276223597650407,0.43304484825025452,0.5,0.5,0,True,,1
68,53,2,6,2.6000000000000001,2,15,4,0.61818181818181817,0.93333333333333335,0.41176470588235292,0.071428571428571425,0.77454545454545454,0.70588235294117652,0.23474178403755869,0.66666666666666663,0.24539877300613497,0.25,0.43136836116669636,0.54170253010535974,0.78249692060710974,0.5,0.5,0,True,,1
69,53,2,6,2.6000000000000001,2,15,4,0.61818181818181817,0.93333333333333335,0.41176470588235292,0.071428571428571425,0.77454545454545454,0.70588235294117652,0.23474178403755869,0.66666666666666663,0.24539877300613497,0.25,0.45944711764992396,0.90870661426748145,0.58348957493928544,0.5,0.5,0,True,,1
70,53,2,6,2.6000000000000001,2,15,4,0.61818181818181817,0.93333333333333335,0.41176470588235292,0.071428571428571425,0.77454545454545454,0.70588235294117652,0.23474178403755869,0.66666666666666663,0.24539877300613497,0.25,0.83820990193181422,0.51465564642606909,0.25166547048493659,0.5,0.5,0,True,,1
71,53,2,6,2.6000000000000001,2,15,4,0.61818181818181817,0.93333333333333335,0.41176470588235292,0.071428571428571425,0.77454545454545454,0.70588235294117652,0.23474178403755869,0.66666666666666663,0.24539877300613497,0.25,0.69902702336017841,0.12441116217982821,0.16162174483897096,0.5,0.5,0,True,,1
72,53,2,6,2.6000000000000001,2,15,4,0.61818181818181817,0.93333333333333335,0.41176470588235292,0.071428571428571425,0.77454545454545454,0.70588235294117652,0.23474178403755869,0.66666666666666663,0.24539877300613497,0.25,0.19504208933445599,0.072780184799167896,0.5911942502320181,0.5,0.5,0,True,,1
73,53,2,6,2.6000000000000001,2,15,4,0.61818181818181817,0.93333333333333335,0.41176470588235292,0.071428571428571425,0.77454545454545454,0.70588235294117652,0.23474178403755869,0.66666666666666663,0.24539877300613497,0.25,0.27852310498924598,0.3308157341949029,0.89238954170847162,0.5,0.5,0,True,,1
74,53,2,6,2.6000000000000001,2,15,4,0.61818181818181817,0.93333333333333335,0.41176470588235292,0.071428571428571425,0.77454545454545454,0.70588235294117652,0.23474178403755869,0.66666666666666663,0.24539877300613497,0.25,0.73888381781866053,0.64528987509760816,0.79603807913771396,0.5,0.5,0,True,,1
75,53,2,6,2.6000000000000001,2,15,4,0.61818181818181817,0.93333333333333335,0.41176470588235292,0.071428571428571425,0.77454545454545454,0.70588235294117652,0.23474178403755869,0.66666666666666663,0.24539877300613497,0.25,0.97665241554917148,0.14765631065546625,0.65232237341304322,0.5,0.5,0,True,,1
76,53,2,6,2.6000000000000001,2,15,4,0.61818181818181817,0.93333333333333335,0.41176470588235292,0.071428571428571425,0.77454545454545454,0.70588235294117652,0.23474178403755869,0.66666666666666663,0.24539877300613497,0.25,0.63173461072696047,0.60036895815971503,0.78024700505459998,0.5,0.5,0,True,,1
77,53,2,6,2.6000000000000001,2,15,4,0.61818181818181817,0.93333333333333335,0.41176470588235292,0.071428571428571425,0.77454545454545454,0.70588235294117652,0.23474178403755869,0.66666666666666663,0.24539877300613497,0.25,0.57243515285173863,0.28380521077376852,0.27830497182975272,0.5,0.5,0,True,,1
78,53,2,6,2.6000000000000001,2,15,4,0.61818181818181817,0.93333333333333335,0.41176470588235292,0.071428571428571425,0.77454545454545454,0.70588235294117652,0.23474178403755869,0.66666666666666663,0.24539877300613497,0.25,0.92703563426276669,0.50386292523819043,0.85606893129224759,0.5,0.5,0,True,,1
79,53,2,6,2.6000000000000001,2,15,4,0.61818181818181817,0.93333333333333335,0.41176470588235292,0.071428571428571425,0.77454545454545454,0.70588235294117652,0.23474178403755869,0.66666666666666663,0.24539877300613497,0.25,0.7934580390038577,0.85549237739201323,0.66913572190081716,0.5,0.5,0,True,,1
80,53,2,6,2.6000000000000001,2,15,4,0.61818181818181817,0.93333333333333335,0.41176470588235292,0.071428571428571425,0.77454545454545454,0.70588235294117652,0.23474178403755869,0.66666666666666663,0.24539877300613497,0.25,0.061218142832030455,0.50957247394761163,0.50935279727657679,0.5,0.5,0,True,,1
81,53,2,6,2.6000000000000001,2,15,4,0.61818181818181817,0.93333333333333335,0.41176470588235292,0.071428571428571425,0.77454545454545454,0.70588235294117652,0.23474178403755869,0.66666666666666663,0.24539877300613497,0.25,0.73290080549284675,0.34400589274288668,0.54506434270620585,0.5,0.5,0,True,,1
82,53,2,6,2.6000000000000001,2,15,4,0.61818181818181817,0.93333333333333335,0.41176470588235292,0.071428571428571425,0.77454545454545454,0.70588235294117652,0.23474178403755869,0.66666666666666663,0.24539877300613497,0.25,0.21547470120580875,0.71630875673873962,0.47218971813057437,0.5,0.5,0,True,,1
83,53,2,6,2.6000000000000001,2,15,4,0.61818181818181817,0.93333333333333335,0.41176470588235292,0.071428571428571425,0.77454545454545454,0.70588235294117652,0.23474178403755869,0.66666666666666663,0.24539877300613497,0.25,0.59452628622364811,0.77334144721372045,0.42672411245976316,0.5,0.5,0,True,,1
84,53,2,6,2.6000000000000001,2,15,4,0.61818181818181817,0.93333333333333335,0.41176470588235292,0.071428571428571425,0.77454545454545454,0.70588235294117652,0.23474178403755869,0.66666666666666663,0.24539877300613497,0.25,0.72878330510045009,0.5349121896043918,0.37530002830877551,0.5,0.5,0,True,,1
85,53,2,6,2.6000000000000001,2,15,4,0.61818181818181817,0.93333333333333335,0.41176470588235292,0.071428571428571425,0.77454545454545454,0.70588235294117652,0.23474178403755869,0.66666666666666663,0.24539877300613497,0.25,0.059044099790336452,0.81456958677177904,0.70555151477778566,0.5,0.5,0,True,,1
86,53,2,6,2.6000000000000001,2,15,4,0.61818181818181817,0.93333333333333335,0.41176470588235292,0.071428571428571425,0.77454545454545454,0.70588235294117652,0.23474178403755869,0.66666666666666663,0.24539877300613497,0.25,0.33738194464879251,0.79468928835200958,0.63203327938261444,0.5,0.5,0,True,,1
87,53,2,6,2.6000000000000001,2,15,4,0.61818181818181817,0.93333333333333335,0.41176470588235292,0.071428571428571425,0.77454545454545454,0.70588235294117652,0.23474178403755869,0.66666666666666663,0.24539877300613497,0.25,0.41948672759133604,0.064168583652250741,0.45391693657777132,0.5,0.5,0,True,,1
88,53,2,6,2.6000000000000001,2,15,4,0.61818181818181817,0.93333333333333335,0.41176470588235292,0.071428571428571425,0.77454545454545454,0.70588235294117652,0.23474178403755869,0.66666666666666663,0.24539877300613497,0.25,0.58188982772762621,0.57530122963499097,0.35309088768174823,0.5,0.5,0,True,,1
89,53,2,6,2.6000000000000001,2,15,4,0.61818181818181817,0.93333333333333335,0.41176470588235292,0.071428571428571425,0.77454545454545454,0.70588235294117652,0.23474178403755869,0.66666666666666663,0.24539877300613497,0.25,0.28571942350012158,0.89960648997485126,0.9937892500118044,0.5,0.5,0,True,,1
90,53,2,6,2.6000000000000001,2,15,4,0.61818181818181817,0.93333333333333335,0.41176470588235292,0.071428571428571425,0.77454545454545454,0.70588235294117652,0.23474178403755869,0.66666666666666663,0.24539877300613497,0.25,0.62387106264464487,0.72012555921645949,0.756404381154824,0.5,0.5,0,True,,1
91,53,2,6,2.6000000000000001,2,15,4,0.61818181818181817,0.93333333333333335,0.41176470588235292,0.071428571428571425,0.77454545454545454,0.70588235294117652,0.23474178403755869,0.66666666666666663,0.24539877300613497,0.25,0.26700507640199694,0.25808495814080468,0.32808291673953427,0.5,0.5,0,True,,1
92,53,2,6,2.6000000000000001,2,15,4,0.61818181818181817,0.93333333333333335,0.41176470588235292,0.071428571428571425,0.77454545454545454,0.70588235294117652,0.23474178403755869,0.66666666666666663,0.24539877300613497,0.25,0.34141153417710957,0.092326825847133975,0.85448068029376356,0.5,0.5,0,True,,1
93,53,2,6,2.6000000000000001,2,15,4,0.61818181818181817,0.93333333333333335,0.41176470588235292,0.071428571428571425,0.77454545454545454,0.70588235294117652,0.23474178403755869,0.66666666666666663,0.24539877300613497,0.25,0.18286016795032151,0.67450792723946229,0.86648681447928766,0.5,0.5,0,True,,1
94,53,2,6,2.6000000000000001,2,15,4,0.61818181818181817,0.93333333333333335,0.41176470588235292,0.071428571428571425,0.77454545454545454,0.70588235294117652,0.23474178403755869,0.66666666666666663,0.24539877300613497,0.25,0.35086247957211869,0.97943543000310485,0.49689950462696375,0.5,0.5,0,True,,1
95,53,2,6,2.6000000000000001,2,15,4,0.61818181818181817,0.93333333333333335,0.41176470588235292,0.071428571428571425,0.77454545454545454,0.70588235294117652,0.23474178403755869,0.66666666666666663,0.24539877300613497,0.25,0.23619542036355079,0.07215485984688455,0.49488673306377745,0.5,0.5,0,True,,1
96,53,2,6,2.6000000000000001,2,15,4,0.61818181818181817,0.93333333333333335,0.41176470588235292,0.071428571428571425,0.77454545454545454,0.70588235294117652,0.23474178403755869,0.66666666666666663,0.24539877300613497,0.25,0.57542315969122315,0.58510003503969221,0.68013642838446853,0.5,0.5,0,True,,1
97,53,2,6,2.6000000000000001,2,15,4,0.61818181818181817,0.93333333333333335,0.41176470588235292,0.071428571428571425,0.77454545454545454,0.70588235294117652,0.23474178403755869,0.66666666666666663,0.24539877300613497,0.25,0.92230499797151255,0.30134454361627794,0.67177257346394248,0.5,0.5,0,True,,1
98,53,2,6,2.6000000000000001,2,15,4,0.61818181818181817,0.93333333333333335,0.41176470588235292,0.071428571428571425,0.77454545454545454,0.70588235294117652,0.23474178403755869,0.66666666666666663,0.24539877300613497,0.25,0.44325087630027132,0.32387108291753713,0.5124460817726092,0.5,0.5,0,True,,1
99,53,2,6,2.6000000000000001,2,15,4,0.61818181818181817,0.93333333333333335,0.41176470588235292,0.071428571428571425,0.77454545454545454,0.70588235294117652,0.23474178403755869,0.66666666666666663,0.24539877300613497,0.25,0.30561882570122023,0.22225972184967935,0.21675451639972504,0.5,0.5,0,True,,1
100,53,2,6,2.6000000000000001,2,15,4,0.61818181818181817,0.93333333333333335,0.41176470588235292,0.071428571428571425,0.77454545454545454,0.70588235294117652,0.23474178403755869,0.66666666666666663,0.24539877300613497,0.25,0.88195055139745948,0.36782889888082204,0.76213584580704219,0.5,0.5,0,True,,1
101,53,2,6,2.6000000000000001,2,15,4,0.61818181818181817,0.93333333333333335,0.41176470588235292,0.071428571428571425,0.77454545454545454,0.70588235294117652,0.23474178403755869,0.66666666666666663,0.24539877300613497,0.25,0.24068013798801557,0.40082845718765187,0.87531634942167813,0.5,0.5,0,True,,1
102,53,2,6,2.6000000000000001,2,15,4,0.61818181818181817,0.93333333333333335,0.41176470588235292,0.071428571428571425,0.77454545454545454,0.70588235294117652,0.23474178403755869,0.66666666666666663,0.24539877300613497,0.25,0.67338996061035006,0.568061340422644,0.82696995890849734,0.5,0.5,0,True,,1
103,53,2,6,2.6000000000000001,2,15,4,0.61818181818181817,0.93333333333333335,0.41176470588235292,0.071428571428571425,0.77454545454545454,0.70588235294117652,0.23474178403755869,0.66666666666666663,0.24539877300613497,0.25,0.85616658034062842,0.17331001030188647,0.52862320355505055,0.5,0.5,0,True,,1
104,53,2,6,2.6000000000000001,2,15,4,0.61818181818181817,0.93333333333333335,0.41176470588235292,0.071428571428571425,0.77454545454545454,0.70588235294117652,0.23474178403755869,0.66666666666666663,0.24539877300613497,0.25,0.65863031322466881,0.31024992529965945,0.34486939163322011,0.5,0.5,0,True,,1
105,53,2,6,2.6000000000000001,2,15,4,0.61818181818181817,0.93333333333333335,0.41176470588235292,0.071428571428571425,0.77454545454545454,0.70588235294117652,0.23474178403755869,0.66666666666666663,0.24539877300613497,0.25,0.7806632557685611,0.38436388504585295,0.83074715089561368,0.5,0.5,0,True,,1
106,53,2,6,2.6000000000000001,2,15,4,0.61818181818181817,0.93333333333333335,0.41176470588235292,0.071428571428571425,0.77454545454545454,0.70588235294117652,0.23474178403755869,0.66666666666666663,0.24539877300613497,0.25,0.085865939298552185,0.63226007765287517,0.15737259152852087,0.5,0.5,0,True,,1
107,53,2,6,2.6000000000000001,2,15,4,0.61818181818181817,0.93333333333333335,0.41176470588235292,0.071428571428571425,0.77454545454545454,0.70588235294117652,0.23474178403755869,0.66666666666666663,0.24539877300613497,0.25,0.69357058590723997,0.21042679415668375,0.96455116047241396,0.5,0.5,0,True,,1
108,53,2,6,2.6000000000000001,2,15,4,0.61818181818181817,0.93333333333333335,0.41176470588235292,0.071428571428571425,0.77454545454545454,0.70588235294117652,0.23474178403755869,0.66666666666666663,0.24539877300613497,0.25,0.2525786085820263,0.90295110342671225,0.19552297810866404,0.5,0.5,0,True,,1
109,53,2,6,2.6000000000000001,2,15,4,0.61818181818181817,0.93333333333333335,0.41176470588235292,0.071428571428571425,0.77454545454545454,0.70588235294117652,0.23474178403755869,0.66666666666666663,0.24539877300613497,0.25,0.2448326628406427,0.66294714004526156,0.97421328423084452,0.5,0.5,0,True,,1
110,53,2,6,2.6000000000000001,2,15,4,0.61818181818181817,0.93333333333333335,0.41176470588235292,0.071428571428571425,0.77454545454545454,0.70588235294117652,0.23474178403755869,0.66666666666666663,0.24539877300613497,0.25,0.8099289336975567,0.7405245208927913,0.74765684135558497,0.5,0.5,0,True,,1
111,53,2,6,2.6000000000000001,2,15,4,0.61818181818181817,0.93333333333333335,0.41176470588235292,0.071428571428571425,0.77454545454545454,0.70588235294117652,0.23474178403755869,0.66666666666666663,0.24539877300613497,0.25,0.775414425083222,0.8953183684793945,0.98215314063244541,0.5,0.5,0,True,,1
112,53,2,6,2.6000000000000001,2,15,4,0.61818181818181817,0.93333333333333335,0.41176470588235292,0.071428571428571425,0.77454545454545454,0.70588235294117652,0.23474178403755869,0.66666666666666663,0.24539877300613497,0.25,0.51168732187998722,0.32763212271160513,0.64939004701983005,0.5,0.5,0,True,,1
113,53,2,6,2.6000000000000001,2,15,4,0.61818181818181817,0.93333333333333335,0.41176470588235292,0.071428571428571425,0.77454545454545454,0.70588235294117652,0.23474178403755869,0.66666666666666663,0.24539877300613497,0.25,0.82110499383333835,0.67063693868730911,0.70962399722648406,0.5,0.5,0,True,,1
114,53,2,6,2.6000000000000001,2,15,4,0.61818181818181817,0.93333333333333335,0.41176470588235292,0.071428571428571425,0.77454545454545454,0.70588235294117652,0.23474178403755869,0.66666666666666663,0.24539877300613497,0.25,0.46636750423537948,0.20413069344300466,0.10668412199647209,0.5,0.5,0,True,,1
115,53,2,6,2.6000000000000001,2,15,4,0.61818181818181817,0.93333333333333335,0.41176470588235292,0.071428571428571425,0.77454545454545454,0.70588235294117652,0.23474178403755869,0.66666666666666663,0.24539877300613497,0.25,0.38699985574854812,0.10223653278483348,0.74623747757703718,0.5,0.5,0,True,,1
116,53,2,6,2.6000000000000001,2,15,4,0.61818181818181817,0.93333333333333335,0.41176470588235292,0.071428571428571425,0.77454545454545454,0.70588235294117652,0.23474178403755869,0.66666666666666663,0.24539877300613497,0.25,0.49843874560169404,0.85907501843949918,0.86254934103397241,0.5,0.5,0,True,,1
117,53,2,6,2.6000000000000001,2,15,4,0.61818181818181817,0.93333333333333335,0.41176470588235292,0.071428571428571425,0.77454545454545454,0.70588235294117652,0.23474178403755869,0.66666666666666663,0.24539877300613497,0.25,0.32082903327526469,0.33706935807971927,0.050394044659079429,0.5,0.5,0,True,,1
118,53,2,6,2.6000000000000001,2,15,4,0.61818181818181817,0.93333333333333335,0.41176470588235292,0.071428571428571425,0.77454545454545454,0.70588235294117652,0.23474178403755869,0.66666666666666663,0.24539877300613497,0.25,0.6901849584870573,0.4432277755598435,0.71183646711177195,0.5,0.5,0,True,,1
119,53,2,6,2.6000000000000001,2,15,4,0.61818181818181817,0.93333333333333335,0.41176470588235292,0.071428571428571425,0.77454545454545454,0.70588235294117652,0.23474178403755869,0.66666666666666663,0.24539877300613497,0.25,0.86287091397597304,0.098872158782787628,0.094645811193568852,0.5,0.5,0,True,,1
120,53,2,6,2.6000000000000001,2,15,4,0.61818181818181817,0.93333333333333335,0.41176470588235292,0.071428571428571425,0.77454545454545454,0.70588235294117652,0.23474178403755869,0.66666666666666663,0.24539877300613497,0.25,0.1883372574179441,0.56561866720593834,0.44064247688018188,0.5,0.5,0,True,,1
121,53,2,6,2.6000000000000001,2,15,4,0.61818181818181817,0.93333333333333335,0.41176470588235292,0.071428571428571425,0.77454545454545454,0.70588235294117652,0.23474178403755869,0.66666666666666663,0.24539877300613497,0.25,0.52207077438621696,0.82385005946494605,0.24217593878807325,0.5,0.5,0,True,,1
122,53,2,6,2.6000000000000001,2,15,4,0.61818181818181817,0.93333333333333335,0.41176470588235292,0.071428571428571425,0.77454545454545454,0.70588235294117652,0.23474178403755869,0.66666666666666663,0.24539877300613497,0.25,0.88597592602789454,0.82023431580031625,0.64350226520698284,0.5,0.5,0,True,,1
123,53,2,6,2.6000000000000001,2,15,4,0.61818181818181817,0.93333333333333335,0.41176470588235292,0.071428571428571425,0.77454545454545454,0.70588235294117652,0.23474178403755869,0.66666666666666663,0.24539877300613497,0.25,0.96188310836195734,0.49715549236906698,0.14095279650178472,0.5,0.5,0,True,,1
124,53,2,6,2.6000000000000001,2,15,4,0.61818181818181817,0.93333333333333335,0.41176470588235292,0.071428571428571425,0.77454545454545454,0.70588235294117652,0.23474178403755869,0.66666666666666663,0.24539877300613497,0.25,0.44369563937146983,0.3189096616456315,0.56081953020253872,0.5,0.5,0,True,,1
125,53,2,6,2.6000000000000001,2,15,4,0.61818181818181817,0.93333333333333335,0.41176470588235292,0.071428571428571425,0.77454545454545454,0.70588235294117652,0.23474178403755869,0.66666666666666663,0.24539877300613497,0.25,0.37774232918574857,0.91892960376784993,0.5012862858225603,0.5,0.5,0,True,,1
126,53,2,6,2.6000000000000001,2,15,4,0.61818181818181817,0.93333333333333335,0.41176470588235292,0.071428571428571425,0.77454545454545454,0.70588235294117652,0.23474178403755869,0.66666666666666663,0.24539877300613497,0.25,0.22677973705950921,0.30906544610191439,0.2850112269605915,0.5,0.5,0,True,,1
127,53,2,6,2.6000000000000001,2,15,4,0.61818181818181817,0.93333333333333335,0.41176470588235292,0.071428571428571425,0.77454545454545454,0.70588235294117652,0.23474178403755869,0.66666666666666663,0.24539877300613497,0.25,0.80199582657355506,0.59733378915785107,0.53156593023875898,0.5,0.5,0,True,,1
128,53,2,6,2.6000000000000001,2,15,4,0.61818181818181817,0.93333333333333335,0.41176470588235292,0.071428571428571425,0.77454545454545454,0.70588235294117652,0.23474178403755869,0.66666666666666663,0.24539877300613497,0.25,0.17819002478898349,0.75268855186390005,0.51887420281153218,0.5,0.5,0,True,,1
129,53,2,6,2.6000000000000001,2,15,4,0.61818181818181817,0.93333333333333335,0.41176470588235292,0.071428571428571425,0.77454545454545454,0.70588235294117652,0.23474178403755869,0.66666666666666663,0.24539877300613497,0.25,0.34471696487552256,0.68614678209035207,0.4559672618029913,0.5,0.5,0,True,,1
130,53,2,6,2.6000000000000001,2,15,4,0.61818181818181817,0.93333333333333335,0.41176470588235292,0.071428571428571425,0.77454545454545454,0.70588235294117652,0.23474178403755869,0.66666666666666663,0.24539877300613497,0.25,0.47662352079550657,0.93192431695340183,0.7862919777582531,0.5,0.5,0,True,,1
131,53,2,6,2.6000000000000001,2,15,4,0.61818181818181817,0.93333333333333335,0.41176470588235292,0.071428571428571425,0.77454545454545454,0.70588235294117652,0.23474178403755869,0.66666666666666663,0.24539877300613497,0.25,0.9837352370100052,0.7363959513827687,0.89084579014273479,0.5,0.5,0,True,,1
132,53,2,6,2.6000000000000001,2,15,4,0.61818181818181817,0.93333333333333335,0.41176470588235292,0.071428571428571425,0.77454545454545454,0.70588235294117652,0.23474178403755869,0.66666666666666663,0.24539877300613497,0.25,0.75304343697299236,0.99569152060853316,0.13894569309691185,0.5,0.5,0,True,,1
133,53,2,6,2.6000000000000001,2,15,4,0.61818181818181817,0.93333333333333335,0.41176470588235292,0.071428571428571425,0.77454545454545454,0.70588235294117652,0.23474178403755869,0.66666666666666663,0.24539877300613497,0.25,0.25899703316830081,0.94462519468070971,0.5039852746511374,0.5,0.5,0,True,,1
134,53,2,6,2.6000000000000001,2,15,4,0.61818181818181817,0.93333333333333335,0.41176470588235292,0.071428571428571425,0.77454545454545454,0.70588235294117652,0.23474178403755869,0.66666666666666663,0.24539877300613497,0.25,0.65097391182354458,0.84066484197066205,0.16630711541969184,0.5,0.5,0,True,,1
135,53,2,6,2.6000000000000001,2,15,4,0.61818181818181817,0.93333333333333335,0.41176470588235292,0.071428571428571425,0.77454545454545454,0.70588235294117652,0.23474178403755869,0.66666666666666663,0.24539877300613497,0.25,0.48512228855260109,0.83497592543127952,0.40280886541376371,0.5,0.5,0,True,,1
136,53,2,6,2.6000000000000001,2,15,4,0.61818181818181817,0.93333333333333335,0.41176470588235292,0.071428571428571425,0.77454545454545454,0.70588235294117652,0.23474178403755869,0.66666666666666663,0.24539877300613497,0.25,0.94950468975814484,0.55310464326013353,0.42044721158966769,0.5,0.5,0,True,,1
137,53,2,6,2.6000000000000001,2,15,4,0.61818181818181817,0.93333333333333335,0.41176470588235292,0.071428571428571425,0.77454545454545454,0.70588235294117652,0.23474178403755869,0.66666666666666663,0.24539877300613497,0.25,0.092272067218865578,0.41113209520055916,0.92596124826287207,0.5,0.5,0,True,,1
138,53,2,6,2.6000000000000001,2,15,4,0.61818181818181817,0.93333333333333335,0.41176470588235292,0.071428571428571425,0.77454545454545454,0.70588235294117652,0.23474178403755869,0.66666666666666663,0.24539877300613497,0.25,0.20950711359807717,0.8638060916280792,0.37173749318217075,0.5,0.5,0,True,,1
139,53,2,6,2.6000000000000001,2,15,4,0.61818181818181817,0.93333333333333335,0.41176470588235292,0.071428571428571425,0.77454545454545454,0.70588235294117652,0.23474178403755869,0.66666666666666663,0.24539877300613497,0.25,0.79121849212305184,0.059157184858312506,0.39202532156914133,0.5,0.5,0,True,,1
140,53,2,6,2.6000000000000001,2,15,4,0.61818181818181817,0.93333333333333335,0.41176470588235292,0.071428571428571425,0.77454545454545454,0.70588235294117652,0.23474178403755869,0.66666666666666663,0.24539877300613497,0.25,0.46532229223975025,0.42446182191322146,0.31276020526939247,0.5,0.5,0,True,,1
141,53,2,6,2.6000000000000001,2,15,4,0.61818181818181817,0.93333333333333335,0.41176470588235292,0.071428571428571425,0.77454545454545454,0.70588235294117652,0.23474178403755869,0.66666666666666663,0.24539877300613497,0.25,0.31683835345340461,0.11954384963782776,0.96836282252352512,0.5,0.5,0,True,,1
142,53,2,6,2.6000000000000001,2,15,4,0.61818181818181817,0.93333333333333335,0.41176470588235292,0.071428571428571425,0.77454545454545454,0.70588235294117652,0.23474178403755869,0.66666666666666663,0.24539877300613497,0.25,0.48949081698277375,0.55563586638144491,0.30041043969303399,0.5,0.5,0,True,,1
143,53,2,6,2.6000000000000001,2,15,4,0.61818181818181817,0.93333333333333335,0.41176470588235292,0.071428571428571425,0.77454545454545454,0.70588235294117652,0.23474178403755869,0.66666666666666663,0.24539877300613497,0.25,0.55910942034167932,0.91535744641948324,0.34142988339211955,0.5,0.5,0,True,,1
144,53,2,6,2.6000000000000001,2,15,4,0.61818181818181817,0.93333333333333335,0.41176470588235292,0.071428571428571425,0.77454545454545454,0.70588235294117652,0.23474178403755869,0.66666666666666663,0.24539877300613497,0.25,0.22895468802824642,0.54731565670380278,0.11362329318662073,0.5,0.5,0,True,,1
145,53,2,6,2.6000000000000001,2,15,4,0.61818181818181817,0.93333333333333335,0.41176470588235292,0.071428571428571425,0.77454545454545454,0.70588235294117652,0.23474178403755869,0.66666666666666663,0.24539877300613497,0.25,0.39489297759982311,0.19464262558833206,0.80454497584091955,0.5,0.5,0,True,,1
146,53,2,6,2.6000000000000001,2,15,4,0.61818181818181817,0.93333333333333335,0.41176470588235292,0.071428571428571425,0.77454545454545454,0.70588235294117652,0.23474178403755869,0.66666666666666663,0.24539877300613497,0.25,0.27198228536856989,0.998274204224468,0.23596031307959092,0.5,0.5,0,True,,1
147,53,2,6,2.6000000000000001,2,15,4,0.61818181818181817,0.93333333333333335,0.41176470588235292,0.071428571428571425,0.77454545454545454,0.70588235294117652,0.23474178403755869,0.66666666666666663,0.24539877300613497,0.25,0.82736003041348327,0.48372592390746388,0.42970489667669709,0.5,0.5,0,True,,1
148,53,2,6,2.6000000000000001,2,15,4,0.61818181818181817,0.93333333333333335,0.41176470588235292,0.071428571428571425,0.77454545454545454,0.70588235294117652,0.23474178403755869,0.66666666666666663,0.24539877300613497,0.25,0.10886258133801519,0.72988539046023548,0.72785561084260253,0.5,0.5,0,True,,1
149,53,2,6,2.6000000000000001,2,15,4,0.61818181818181817,0.93333333333333335,0.41176470588235292,0.071428571428571425,0.77454545454545454,0.70588235294117652,0.23474178403755869,0.66666666666666663,0.24539877300613497,0.25,0.45659453760193069,0.088321370565948035,0.10446283842664303,0.5,0.5,0,True,,1
150,53,2,6,2.6000000000000001,2,15,4,0.61818181818181817,0.93333333333333335,0.41176470588235292,0.071428571428571425,0.77454545454545454,0.70588235294117652,0.23474178403755869,0.66666666666666663,0.24539877300613497,0.25,0.65162548949464427,0.16865713570188817,0.90528420168782808,0.5,0.5,0,True,,1
151,53,2,6,2.6000000000000001,2,15,4,0.61818181818181817,0.93333333333333335,0.41176470588235292,0.071428571428571425,0.77454545454545454,0.70588235294117652,0.23474178403755869,0.66666666666666663,0.24539877300613497,0.25,0.85051571205536181,0.96818894983113957,0.33491541385900891,0.5,0.5,0,True,,1
152,53,2,6,2.6000000000000001,2,15,4,0.61818181818181817,0.93333333333333335,0.41176470588235292,0.071428571428571425,0.77454545454545454,0.70588235294117652,0.23474178403755869,0.66666666666666663,0.24539877300613497,0.25,0.12033240155526347,0.41528159042128421,0.46841036312685763,0.5,0.5,0,True,,1
153,53,2,6,2.6000000000000001,2,15,4,0.61818181818181817,0.93333333333333335,0.41176470588235292,0.071428571428571425,0.77454545454545454,0.70588235294117652,0.23474178403755869,0.66666666666666663,0.24539877300613497,0.25,0.30207195919389779,0.052107185051707312,0.23530565379217649,0.5,0.5,0,True,,1
154,53,2,6,2.6000000000000001,2,15,4,0.61818181818181817,0.93333333333333335,0.41176470588235292,0.071428571428571425,0.77454545454545454,0.70588235294117652,0.23474178403755869,0.66666666666666663,0.24539877300613497,0.25,0.61282842990110442,0.70747504604437506,0.86555608515001836,0.5,0.5,0,True,,1
155,53,2,6,2.6000000000000001,2,15,4,0.61818181818181817,0.93333333333333335,0.41176470588235292,0.071428571428571425,0.77454545454545454,0.70588235294117652,0.23474178403755869,0.66666666666666663,0.24539877300613497,0.25,0.81453282982707453,0.39487997411141895,0.20879538682966409,0.5,0.5,0,True,,1
156,53,2,6,2.6000000000000001,2,15,4,0.61818181818181817,0.93333333333333335,0.41176470588235292,0.071428571428571425,0.77454545454545454,0.70588235294117652,0.23474178403755869,0.66666666666666663,0.24539877300613497,0.25,0.83454745114455797,0.077031384209003947,0.60036757385415451,0.5,0.5,0,True,,1
157,53,2,6,2.6000000000000001,2,15,4,0.61818181818181817,0.93333333333333335,0.41176470588235292,0.071428571428571425,0.77454545454545454,0.70588235294117652,0.23474178403755869,0.66666666666666663,0.24539877300613497,0.25,0.16451485578235209,0.43172539849885289,0.074138878959568041,0.5,0.5,0,True,,1
158,53,2,6,2.6000000000000001,2,15,4,0.61818181818181817,0.93333333333333335,0.41176470588235292,0.071428571428571425,0.77454545454545454,0.70588235294117652,0.23474178403755869,0.66666666666666663,0.24539877300613497,0.25,0.054534373534087771,0.36168702982965567,0.98039849529786027,0.5,0.5,0,True,,1
159,53,2,6,2.6000000000000001,2,15,4,0.61818181818181817,0.93333333333333335,0.41176470588235292,0.071428571428571425,0.77454545454545454,0.70588235294117652,0.23474178403755869,0.66666666666666663,0.24539877300613497,0.25,0.051234783042580292,0.9352462265490078,0.47547587446470307,0.5,0.5,0,True,,1
160,53,2,6,2.6000000000000001,2,15,4,0.61818181818181817,0.93333333333333335,0.41176470588235292,0.071428571428571425,0.77454545454545454,0.70588235294117652,0.23474178403755869,0.66666666666666663,0.24539877300613497,0.25,0.24684382580162895,0.17207228934379831,0.39528853786441981,0.5,0.5,0,True,,1
161,53,2,6,2.6000000000000001,2,15,4,0.61818181818181817,0.93333333333333335,0.41176470588235292,0.071428571428571425,0.77454545454545454,0.70588235294117652,0.23474178403755869,0.66666666666666663,0.24539877300613497,0.25,0.54228583844178224,0.46710846358482006,0.16920437286014117,0.5,0.5,0,True,,1
162,53,2,6,2.6000000000000001,2,15,4,0.61818181818181817,0.93333333333333335,0.41176470588235292,0.071428571428571425,0.77454545454545454,0.70588235294117652,0.23474178403755869,0.66666666666666663,0.24539877300613497,0.25,0.76096423012446035,0.1446140339177574,0.95261367082181758,0.5,0.5,0,True,,1
163,53,2,6,2.6000000000000001,2,15,4,0.61818181818181817,0.93333333333333335,0.41176470588235292,0.071428571428571425,0.77454545454545454,0.70588235294117652,0.23474178403755869,0.66666666666666663,0.24539877300613497,0.25,0.64298552914641394,0.77488763674852701,0.065136198545722293,0.5,0.5,0,True,,1
164,53,2,6,2.6000000000000001,2,15,4,0.61818181818181817,0.93333333333333335,0.41176470588235292,0.071428571428571425,0.77454545454545454,0.70588235294117652,0.23474178403755869,0.66666666666666663,0.24539877300613497,0.25,0.66809557706081524,0.45736303806373396,0.29697814815993812,0.5,0.5,0,True,,1
165,53,2,6,2.6000000000000001,2,15,4,0.61818181818181817,0.93333333333333335,0.41176470588235292,0.071428571428571425,0.77454545454545454,0.70588235294117652,0.23474178403755869,0.66666666666666663,0.24539877300613497,0.25,0.70725356313515886,0.74969600562186767,0.18069645445669086,0.5,0.5,0,True,,1
166,53,2,6,2.6000000000000001,2,15,4,0.61818181818181817,0.93333333333333335,0.41176470588235292,0.071428571428571425,0.77454545454545454,0.70588235294117652,0.23474178403755869,0.66666666666666663,0.24539877300613497,0.25,0.93013481925357189,0.67893188551411487,0.27409358806546924,0.5,0.5,0,True,,1
167,53,2,6,2.6000000000000001,2,15,4,0.61818181818181817,0.93333333333333335,0.41176470588235292,0.071428571428571425,0.77454545454545454,0.70588235294117652,0.23474178403755869,0.66666666666666663,0.24539877300613497,0.25,0.14260925615536052,0.63373314667314473,0.18566354451592065,0.5,0.5,0,True,,1
168,53,2,6,2.6000000000000001,2,15,4,0.61818181818181817,0.93333333333333335,0.41176470588235292,0.071428571428571425,0.77454545454545454,0.70588235294117652,0.23474178403755869,0.66666666666666663,0.24539877300613497,0.25,0.35811877061720931,0.29304948259753599,0.90989534216641332,0.5,0.5,0,True,,1
169,53,2,6,2.6000000000000001,2,15,4,0.61818181818181817,0.93333333333333335,0.41176470588235292,0.071428571428571425,0.77454545454545454,0.70588235294117652,0.23474178403755869,0.66666666666666663,0.24539877300613497,0.25,0.4823229251020929,0.62026015898846076,0.22487223359135672,0.5,0.5,0,True,,1
170,53,2,6,2.6000000000000001,2,15,4,0.61818181818181817,0.93333333333333335,0.41176470588235292,0.071428571428571425,0.77454545454545454,0.70588235294117652,0.23474178403755869,0.66666666666666663,0.24539877300613497,0.25,0.47122060033503338,0.78397082527557949,0.260480857947957,0.5,0.5,0,True,,1
171,53,2,6,2.6000000000000001,2,15,4,0.61818181818181817,0.93333333333333335,0.41176470588235292,0.071428571428571425,0.77454545454545454,0.70588235294117652,0.23474178403755869,0.66666666666666663,0.24539877300613497,0.25,0.60956149299512341,0.74510733333304802,0.54203120042687836,0.5,0.5,0,True,,1
172,53,2,6,2.6000000000000001,2,15,4,0.61818181818181817,0.93333333333333335,0.41176470588235292,0.071428571428571425,0.77454545454545454,0.70588235294117652,0.23474178403755869,0.66666666666666663,0.24539877300613497,0.25,0.073598333874877575,0.2365463071460312,0.4827190840501836,0.5,0.5,0,True,,1
173,53,2,6,2.6000000000000001,2,15,4,0.61818181818181817,0.93333333333333335,0.41176470588235292,0.071428571428571425,0.77454545454545454,0.70588235294117652,0.23474178403755869,0.66666666666666663,0.24539877300613497,0.25,0.30680677785395166,0.88817543976293511,0.81725127687501653,0.5,0.5,0,True,,1
174,53,2,6,2.6000000000000001,2,15,4,0.61818181818181817,0.93333333333333335,0.41176470588235292,0.071428571428571425,0.77454545454545454,0.70588235294117652,0.23474178403755869,0.66666666666666663,0.24539877300613497,0.25,0.32113886073605702,0.27631065933003418,0.73415315793773661,0.5,0.5,0,True,,1
175,53,2,6,2.6000000000000001,2,15,4,0.61818181818181817,0.93333333333333335,0.41176470588235292,0.071428571428571425,0.77454545454545454,0.70588235294117652,0.23474178403755869,0.66666666666666663,0.24539877300613497,0.25,0.95316549508813353,0.71207086925412877,0.83407399013851569,0.5,0.5,0,True,,1
176,53,2,6,2.6000000000000001,2,15,4,0.61818181818181817,0.93333333333333335,0.41176470588235292,0.071428571428571425,0.77454545454545454,0.70588235294117652,0.23474178403755869,0.66666666666666663,0.24539877300613497,0.25,0.50003008248357328,0.24397524806136972,0.67381690670385341,0.5,0.5,0,True,,1
177,53,2,6,2.6000000000000001,2,15,4,0.61818181818181817,0.93333333333333335,0.41176470588235292,0.071428571428571425,0.77454545454545454,0.70588235294117652,0.23474178403755869,0.66666666666666663,0.24539877300613497,0.25,0.1028064420087775,0.18728507184754278,0.47720186966437234,0.5,0.5,0,True,,1
178,53,2,6,2.6000000000000001,2,15,4,0.61818181818181817,0.93333333333333335,0.41176470588235292,0.071428571428571425,0.77454545454545454,0.70588235294117652,0.23474178403755869,0.66666666666666663,0.24539877300613497,0.25,0.68228841571800081,0.69558864619459582,0.24552026168359226,0.5,0.5,0,True,,1
179,53,2,6,2.6000000000000001,2,15,4,0.61818181818181817,0.93333333333333335,0.41176470588235292,0.071428571428571425,0.77454545454545454,0.70588235294117652,0.23474178403755869,0.66666666666666663,0.24539877300613497,0.25,0.82546914259835635,0.27772780926164264,0.15932796960505458,0.5,0.5,0,True,,1
180,53,2,6,2.6000000000000001,2,15,4,0.61818181818181817,0.93333333333333335,0.41176470588235292,0.071428571428571425,0.77454545454545454,0.70588235294117652,0.23474178403755869,0.66666666666666663,0.24539877300613497,0.25,0.26304054474460492,0.85420379667217017,0.79375562400503563,0.5,0.5,0,True,,1
181,53,2,6,2.6000000000000001,2,15,4,0.61818181818181817,0.93333333333333335,0.41176470588235292,0.071428571428571425,0.77454545454545454,0.70588235294117652,0.23474178403755869,0.66666666666666663,0.24539877300613497,0.25,0.56501132068985849,0.34922569108358603,0.99673405351516775,0.5,0.5,0,True,,1
182,53,2,6,2.6000000000000001,2,15,4,0.61818181818181817,0.93333333333333335,0.41176470588235292,0.071428571428571425,0.77454545454545454,0.70588235294117652,0.23474178403755869,0.66666666666666663,0.24539877300613497,0.25,0.2561747626210355,0.60437685599724666,0.80203364910347141,0.5,0.5,0,True,,1
183,53,2,6,2.6000000000000001,2,15,4,0.61818181818181817,0.93333333333333335,0.41176470588235292,0.071428571428571425,0.77454545454545454,0.70588235294117652,0.23474178403755869,0.66666666666666663,0.24539877300613497,0.25,0.17285240328089732,0.80542289155711766,0.076475959582060438,0.5,0.5,0,True,,1
184,53,2,6,2.6000000000000001,2,15,4,0.61818181818181817,0.93333333333333335,0.41176470588235292,0.071428571428571425,0.77454545454545454,0.70588235294117652,0.23474178403755869,0.66666666666666663,0.24539877300613497,0.25,0.84651497339173631,0.19092301677568368,0.40061244658036926,0.5,0.5,0,True,,1
185,53,2,6,2.6000000000000001,2,15,4,0.61818181818181817,0.93333333333333335,0.41176470588235292,0.071428571428571425,0.77454545454545454,0.70588235294117652,0.23474178403755869,0.66666666666666663,0.24539877300613497,0.25,0.39594157304302879,0.4856581534566744,0.69801564017705986,0.5,0.5,0,True,,1
186,53,2,6,2.6000000000000001,2,15,4,0.61818181818181817,0.93333333333333335,0.41176470588235292,0.071428571428571425,0.77454545454545454,0.70588235294117652,0.23474178403755869,0.66666666666666663,0.24539877300613497,0.25,0.60397707352078667,0.76401445783778044,0.3231642330804475,0.5,0.5,0,True,,1
187,53,2,6,2.6000000000000001,2,15,4,0.61818181818181817,0.93333333333333335,0.41176470588235292,0.071428571428571425,0.77454545454545454,0.70588235294117652,0.23474178403755869,0.66666666666666663,0.24539877300613497,0.25,0.87447700244907578,0.98639974708636269,0.84185148427836876,0.5,0.5,0,True,,1
188,53,2,6,2.6000000000000001,2,15,4,0.61818181818181817,0.93333333333333335,0.41176470588235292,0.071428571428571425,0.77454545454545454,0.70588235294117652,0.23474178403755869,0.66666666666666663,0.24539877300613497,0.25,0.99626384093448883,0.70282539482943873,0.34867322835035314,0.5,0.5,0,True,,1
189,53,2,6,2.6000000000000001,2,15,4,0.61818181818181817,0.93333333333333335,0.41176470588235292,0.071428571428571425,0.77454545454545454,0.70588235294117652,0.23474178403755869,0.66666666666666663,0.24539877300613497,0.25,0.58493617341426019,0.13850521716685171,0.92536891061918136,0.5,0.5,0,True,,1
190,53,2,6,2.6000000000000001,2,15,4,0.61818181818181817,0.93333333333333335,0.41176470588235292,0.071428571428571425,0.77454545454545454,0.70588235294117652,0.23474178403755869,0.66666666666666663,0.24539877300613497,0.25,0.74902766440988244,0.057360380274158296,0.66299936025824913,0.5,0.5,0,True,,1
191,53,2,6,2.6000000000000001,2,15,4,0.61818181818181817,0.93333333333333335,0.41176470588235292,0.071428571428571425,0.77454545454545454,0.70588235294117652,0.23474178403755869,0.66666666666666663,0.24539877300613497,0.25,0.32876927706604725,0.2566850065710754,0.82224310015601521,0.5,0.5,0,True,,1
192,53,2,6,2.6000000000000001,2,15,4,0.61818181818181817,0.93333333333333335,0.41176470588235292,0.071428571428571425,0.77454545454545454,0.70588235294117652,0.23474178403755869,0.66666666666666663,0.24539877300613497,0.25,0.63933570760667591,0.3035938500838043,0.064484169347043541,0.5,0.5,0,True,,1
193,53,2,6,2.6000000000000001,2,15,4,0.61818181818181817,0.93333333333333335,0.41176470588235292,0.071428571428571425,0.77454545454545454,0.70588235294117652,0.23474178403755869,0.66666666666666663,0.24539877300613497,0.25,0.079574468787151437,0.51131610617737921,0.1458976094718521,0.5,0.5,0,True,,1
194,53,2,6,2.6000000000000001,2,15,4,0.61818181818181817,0.93333333333333335,0.41176470588235292,0.071428571428571425,0.77454545454545454,0.70588235294117652,0.23474178403755869,0.66666666666666663,0.24539877300613497,0.25,0.61553043684697828,0.26546861692589913,0.26229144749386968,0.5,0.5,0,True,,1
195,53,2,6,2.6000000000000001,2,15,4,0.61818181818181817,0.93333333333333335,0.41176470588235292,0.071428571428571425,0.77454545454545454,0.70588235294117652,0.23474178403755869,0.66666666666666663,0.24539877300613497,0.25,0.5583335669899504,0.94137052335912486,0.91718104210707363,0.5,0.5,0,True,,1
196,53,2,6,2.6000000000000001,2,15,4,0.61818181818181817,0.93333333333333335,0.41176470588235292,0.071428571428571425,0.77454545454545454,0.70588235294117652,0.23474178403755869,0.66666666666666663,0.24539877300613497,0.25,0.19431047691748482,0.72398581635719916,0.70103656380224022,0.5,0.5,0,True,,1
197,53,2,6,2.6000000000000001,2,15,4,0.61818181818181817,0.93333333333333335,0.41176470588235292,0.071428571428571425,0.77454545454545454,0.70588235294117652,0.23474178403755869,0.66666666666666663,0.24539877300613497,0.25,0.36463057359950357,0.69766833172686404,0.71472272865258013,0.5,0.5,0,True,,1
198,53,2,6,2.6000000000000001,2,15,4,0.61818181818181817,0.93333333333333335,0.41176470588235292,0.071428571428571425,0.77454545454545454,0.70588235294117652,0.23474178403755869,0.66666666666666663,0.24539877300613497,0.25,0.10162398738950169,0.72874447646214846,0.38240359782490302,0.5,0.5,0,True,,1
199,53,2,6,2.6000000000000001,2,15,4,0.61818181818181817,0.93333333333333335,0.41176470588235292,0.071428571428571425,0.77454545454545454,0.70588235294117652,0.23474178403755869,0.66666666666666663,0.24539877300613497,0.25,0.19894609119612106,0.57250571781499027,0.87351682006213671,0.5,0.5,0,True,,1
200,53,2,6,2.6000000000000001,2,15,4,0.61818181818181817,0.93333333333333335,0.41176470588235292,0.071428571428571425,0.77454545454545454,0.70588235294117652,0.23474178403755869,0.66666666666666663,0.24539877300613497,0.25,0.51663589110474717,0.23108870369891876,0.058837784522623483,0.5,0.5,0,True,,1
201,53,2,6,2.6000000000000001,2,15,4,0.61818181818181817,0.93333333333333335,0.41176470588235292,0.071428571428571425,0.77454545454545454,0.70588235294117652,0.23474178403755869,0.66666666666666663,0.24539877300613497,0.25,0.33250342213249384,0.92481729312775185,0.13146826065214928,0.5,0.5,0,True,,1
202,53,2,6,2.6000000000000001,2,15,4,0.61818181818181817,0.93333333333333335,0.41176470588235292,0.071428571428571425,0.77454545454545454,0.70588235294117652,0.23474178403755869,0.66666666666666663,0.24539877300613497,0.25,0.35752097041379149,0.52454354804160153,0.71961428234753777,0.5,0.5,0,True,,1
203,53,2,6,2.6000000000000001,2,15,4,0.61818181818181817,0.93333333333333335,0.41176470588235292,0.071428571428571425,0.77454545454545454,0.70588235294117652,0.23474178403755869,0.66666666666666663,0.24539877300613497,0.25,0.50794637793157416,0.48909614567969439,0.56342791124299629,0.5,0.5,0,True,,1
204,53,2,6,2.6000000000000001,2,15,4,0.61818181818181817,0.93333333333333335,0.41176470588235292,0.071428571428571425,0.77454545454545454,0.70588235294117652,0.23474178403755869,0.66666666666666663,0.24539877300613497,0.25,0.22143657907305314,0.2194891986728511,0.5703232938494629,0.5,0.5,0,True,,1
205,53,2,6,2.6000000000000001,2,15,4,0.61818181818181817,0.93333333333333335,0.41176470588235292,0.071428571428571425,0.77454545454545454,0.70588235294117652,0.23474178403755869,0.66666666666666663,0.24539877300613497,0.25,0.97959366558829042,0.47722629486663548,0.81028202244500547,0.5,0.5,0,True,,1
206,53,2,6,2.6000000000000001,2,15,4,0.61818181818181817,0.93333333333333335,0.41176470588235292,0.071428571428571425,0.77454545454545454,0.70588235294117652,0.23474178403755869,0.66666666666666663,0.24539877300613497,0.25,0.29095313859844796,0.68262204340509036,0.22403766812783132,0.5,0.5,0,True,,1
207,53,2,6,2.6000000000000001,2,15,4,0.61818181818181817,0.93333333333333335,0.41176470588235292,0.071428571428571425,0.77454545454545454,0.70588235294117652,0.23474178403755869,0.66666666666666663,0.24539877300613497,0.25,0.78643111269143795,0.66831128729847278,0.81282781972183615,0.5,0.5,0,True,,1
208,53,2,6,2.6000000000000001,2,15,4,0.61818181818181817,0.93333333333333335,0.41176470588235292,0.071428571428571425,0.77454545454545454,0.70588235294117652,0.23474178403755869,0.66666666666666663,0.24539877300613497,0.25,0.067255093534343377,0.33222919478816304,0.17590146407407797,0.5,0.5,0,True,,1
209,53,2,6,2.6000000000000001,2,15,4,0.61818181818181817,0.93333333333333335,0.41176470588235292,0.071428571428571425,0.77454545454545454,0.70588235294117652,0.23474178403755869,0.66666666666666663,0.24539877300613497,0.25,0.42642849481717626,0.19921795356386729,0.069436502000762512,0.5,0.5,0,True,,1
210,53,2,6,2.6000000000000001,2,15,4,0.61818181818181817,0.93333333333333335,0.41176470588235292,0.071428571428571425,0.77454545454545454,0.70588235294117652,0.23474178403755869,0.66666666666666663,0.24539877300613497,0.25,0.40684213265693642,0.97115342425949225,0.90283694590676455,0.5,0.5,0,True,,1
211,53,2,6,2.6000000000000001,2,15,4,0.61818181818181817,0.93333333333333335,0.41176470588235292,0.071428571428571425,0.77454545454545454,0.70588235294117652,0.23474178403755869,0.66666666666666663,0.24539877300613497,0.25,0.77017256324473349,0.38375014961881959,0.78907853318200671,0.5,0.5,0,True,,1
212,53,2,6,2.6000000000000001,2,15,4,0.61818181818181817,0.93333333333333335,0.41176470588235292,0.071428571428571425,0.77454545454545454,0.70588235294117652,0.23474178403755869,0.66666666666666663,0.24539877300613497,0.25,0.80522965629638787,0.55935357760464255,0.20193952780124114,0.5,0.5,0,True,,1
213,53,2,6,2.6000000000000001,2,15,4,0.61818181818181817,0.93333333333333335,0.41176470588235292,0.071428571428571425,0.77454545454545454,0.70588235294117652,0.23474178403755869,0.66666666666666663,0.24539877300613497,0.25,0.76863255658787977,0.1603843267775949,0.62317253633942193,0.5,0.5,0,True,,1
214,53,2,6,2.6000000000000001,2,15,4,0.61818181818181817,0.93333333333333335,0.41176470588235292,0.071428571428571425,0.77454545454545454,0.70588235294117652,0.23474178403755869,0.66666666666666663,0.24539877300613497,0.25,0.91680433583203635,0.31377912004999736,0.69060894156780561,0.5,0.5,0,True,,1
215,53,2,6,2.6000000000000001,2,15,4,0.61818181818181817,0.93333333333333335,0.41176470588235292,0.071428571428571425,0.77454545454545454,0.70588235294117652,0.23474178403755869,0.66666666666666663,0.24539877300613497,0.25,0.14734829092985013,0.58256420512850038,0.32041740339183022,0.5,0.5,0,True,,1
216,53,2,6,2.6000000000000001,2,15,4,0.61818181818181817,0.93333333333333335,0.41176470588235292,0.071428571428571425,0.77454545454545454,0.70588235294117652,0.23474178403755869,0.66666666666666663,0.24539877300613497,0.25,0.54690830248276334,0.37785076157131675,0.8819563835923232,0.5,0.5,0,True,,1
217,53,2,6,2.6000000000000001,2,15,4,0.61818181818181817,0.93333333333333335,0.41176470588235292,0.071428571428571425,0.77454545454545454,0.70588235294117652,0.23474178403755869,0.66666666666666663,0.24539877300613497,0.25,0.29218824160799978,0.58924338271016741,0.60940142852673829,0.5,0.5,0,True,,1
218,53,2,6,2.6000000000000001,2,15,4,0.61818181818181817,0.93333333333333335,0.41176470588235292,0.071428571428571425,0.77454545454545454,0.70588235294117652,0.23474178403755869,0.66666666666666663,0.24539877300613497,0.25,0.28219301710345451,0.65884647632859361,0.59217795834602727,0.5,0.5,0,True,,1
219,53,2,6,2.6000000000000001,2,15,4,0.61818181818181817,0.93333333333333335,0.41176470588235292,0.071428571428571425,0.77454545454545454,0.70588235294117652,0.23474178403755869,0.66666666666666663,0.24539877300613497,0.25,0.31124757678026593,0.78515172544918632,0.14881471748540653,0.5,0.5,0,True,,1
220,53,2,6,2.6000000000000001,2,15,4,0.61818181818181817,0.93333333333333335,0.41176470588235292,0.071428571428571425,0.77454545454545454,0.70588235294117652,0.23474178403755869,0.66666666666666663,0.24539877300613497,0.25,0.12595929285716517,0.64250384256016857,0.84689126428924477,0.5,0.5,0,True,,1
221,53,2,6,2.6000000000000001,2,15,4,0.61818181818181817,0.93333333333333335,0.41176470588235292,0.071428571428571425,0.77454545454545454,0.70588235294117652,0.23474178403755869,0.66666666666666663,0.24539877300613497,0.25,0.36952208880841819,0.44430334650750919,0.54911109918066503,0.5,0.5,0,True,,1
222,53,2,6,2.6000000000000001,2,15,4,0.61818181818181817,0.93333333333333335,0.41176470588235292,0.071428571428571425,0.77454545454545454,0.70588235294117652,0.23474178403755869,0.66666666666666663,0.24539877300613497,0.25,0.58991810793333632,0.87937418419070146,0.77520208191240136,0.5,0.5,0,True,,1
223,53,2,6,2.6000000000000001,2,15,4,0.61818181818181817,0.93333333333333335,0.41176470588235292,0.071428571428571425,0.77454545454545454,0.70588235294117652,0.23474178403755869,0.66666666666666663,0.24539877300613497,0.25,0.56843158371214597,0.98172332722380584,0.30853371736130758,0.5,0.5,0,True,,1
224,53,2,6,2.6000000000000001,2,15,4,0.61818181818181817,0.93333333333333335,0.41176470588235292,0.071428571428571425,0.77454545454545454,0.70588235294117652,0.23474178403755869,0.66666666666666663,0.24539877300613497,0.25,0.1525550552008588,0.84982634715521987,0.76603754278430236,0.5,0.5,0,True,,1
225,53,2,6,2.6000000000000001,2,15,4,0.61818181818181817,0.93333333333333335,0.41176470588235292,0.071428571428571425,0.77454545454545454,0.70588235294117652,0.23474178403755869,0.66666666666666663,0.24539877300613497,0.25,0.39117503860804093,0.3641724083115731,0.72530409518484618,0.5,0.5,0,True,,1
226,53,2,6,2.6000000000000001,2,15,4,0.61818181818181817,0.93333333333333335,0.41176470588235292,0.071428571428571425,0.77454545454545454,0.70588235294117652,0.23474178403755869,0.66666666666666663,0.24539877300613497,0.25,0.91942871374284918,0.6167285773093959,0.63687385732727919,0.5,0.5,0,True,,1
227,53,2,6,2.6000000000000001,2,15,4,0.61818181818181817,0.93333333333333335,0.41176470588235292,0.071428571428571425,0.77454545454545454,0.70588235294117652,0.23474178403755869,0.66666666666666663,0.24539877300613497,0.25,0.61818781173560711,0.29751406379874651,0.12342206775596938,0.5,0.5,0,True,,1
228,53,2,6,2.6000000000000001,2,15,4,0.61818181818181817,0.93333333333333335,0.41176470588235292,0.071428571428571425,0.77454545454545454,0.70588235294117652,0.23474178403755869,0.66666666666666663,0.24539877300613497,0.25,0.42393554279614459,0.18094680377548716,0.21026979275117541,0.5,0.5,0,True,,1
229,53,2,6,2.6000000000000001,2,15,4,0.61818181818181817,0.93333333333333335,0.41176470588235292,0.071428571428571425,0.77454545454545454,0.70588235294117652,0.23474178403755869,0.66666666666666663,0.24539877300613497,0.25,0.12260682101157501,0.35248923080389488,0.59574875259223348,0.5,0.5,0,True,,1
230,53,2,6,2.6000000000000001,2,15,4,0.61818181818181817,0.93333333333333335,0.41176470588235292,0.071428571428571425,0.77454545454545454,0.70588235294117652,0.23474178403755869,0.66666666666666663,0.24539877300613497,0.25,0.68595509367917729,0.45181788338205736,0.61464363199630312,0.5,0.5,0,True,,1
231,53,2,6,2.6000000000000001,2,15,4,0.61818181818181817,0.93333333333333335,0.41176470588235292,0.071428571428571425,0.77454545454545454,0.70588235294117652,0.23474178403755869,0.66666666666666663,0.24539877300613497,0.25,0.70446968985593161,0.83754967320692431,0.26878373886909473,0.5,0.5,0,True,,1
232,53,2,6,2.6000000000000001,2,15,4,0.61818181818181817,0.93333333333333335,0.41176470588235292,0.071428571428571425,0.77454545454545454,0.70588235294117652,0.23474178403755869,0.66666666666666663,0.24539877300613497,0.25,0.89140245619857694,0.53028856601023688,0.36762011991987148,0.5,0.5,0,True,,1
233,53,2,6,2.6000000000000001,2,15,4,0.61818181818181817,0.93333333333333335,0.41176470588235292,0.071428571428571425,0.77454545454545454,0.70588235294117652,0.23474178403755869,0.66666666666666663,0.24539877300613497,0.25,0.43901585033937296,0.19635872849315139,0.48588643596864739,0.5,0.5,0,True,,1
234,53,2,6,2.6000000000000001,2,15,4,0.61818181818181817,0.93333333333333335,0.41176470588235292,0.071428571428571425,0.77454545454545454,0.70588235294117652,0.23474178403755869,0.66666666666666663,0.24539877300613497,0.25,0.72137540292233515,0.79176917379715073,0.19110250662400285,0.5,0.5,0,True,,1
235,53,2,6,2.6000000000000001,2,15,4,0.61818181818181817,0.93333333333333335,0.41176470588235292,0.071428571428571425,0.77454545454545454,0.70588235294117652,0.23474178403755869,0.66666666666666663,0.24539877300613497,0.25,0.16006025745140434,0.12856025889315353,0.28016597117011971,0.5,0.5,0,True,,1
236,53,2,6,2.6000000000000001,2,15,4,0.61818181818181817,0.93333333333333335,0.41176470588235292,0.071428571428571425,0.77454545454545454,0.70588235294117652,0.23474178403755869,0.66666666666666663,0.24539877300613497,0.25,0.59566301368059571,0.22520755798607889,0.42360075312491258,0.5,0.5,0,True,,1
237,53,2,6,2.6000000000000001,2,15,4,0.61818181818181817,0.93333333333333335,0.41176470588235292,0.071428571428571425,0.77454545454545454,0.70588235294117652,0.23474178403755869,0.66666666666666663,0.24539877300613497,0.25,0.20469207323380606,0.49300177014719471,0.74207703433892469,0.5,0.5,0,True,,1
238,53,2,6,2.6000000000000001,2,15,4,0.61818181818181817,0.93333333333333335,0.41176470588235292,0.071428571428571425,0.77454545454545454,0.70588235294117652,0.23474178403755869,0.66666666666666663,0.24539877300613497,0.25,0.73070888195510519,0.88184470835210393,0.29199576150957468,0.5,0.5,0,True,,1
239,53,2,6,2.6000000000000001,2,15,4,0.61818181818181817,0.93333333333333335,0.41176470588235292,0.071428571428571425,0.77454545454545454,0.70588235294117652,0.23474178403755869,0.66666666666666663,0.24539877300613497,0.25,0.66253357293336668,0.42557931317364078,0.61947370492271203,0.5,0.5,0,True,,1
240,53,2,6,2.6000000000000001,2,15,4,0.61818181818181817,0.93333333333333335,0.41176470588235292,0.071428571428571425,0.77454545454545454,0.70588235294117652,0.23474178403755869,0.66666666666666663,0.24539877300613497,0.25,0.11649742911491404,0.46971490801730936,0.10062592399001287,0.5,0.5,0,True,,1
241,53,2,6,2.6000000000000001,2,15,4,0.61818181818181817,0.93333333333333335,0.41176470588235292,0.071428571428571425,0.77454545454545454,0.70588235294117652,0.23474178403755869,0.66666666666666663,0.24539877300613497,0.25,0.070120410497923391,0.085183269529531938,0.44549270593748375,0.5,0.5,0,True,,1
242,53,2,6,2.6000000000000001,2,15,4,0.61818181818181817,0.93333333333333335,0.41176470588235292,0.071428571428571425,0.77454545454545454,0.70588235294117652,0.23474178403755869,0.66666666666666663,0.24539877300613497,0.25,0.6738173039182962,0.27013600398409582,0.97150191803173869,0.5,0.5,0,True,,1
243,53,2,6,2.6000000000000001,2,15,4,0.61818181818181817,0.93333333333333335,0.41176470588235292,0.071428571428571425,0.77454545454545454,0.70588235294117652,0.23474178403755869,0.66666666666666663,0.24539877300613497,0.25,0.74481268081304153,0.79786693588501789,0.083047259040380017,0.5,0.5,0,True,,1
244,53,2,6,2.6000000000000001,2,15,4,0.61818181818181817,0.93333333333333335,0.41176470588235292,0.071428571428571425,0.77454545454545454,0.70588235294117652,0.23474178403755869,0.66666666666666663,0.24539877300613497,0.25,0.21199730515986526,0.16307850329730034,0.35727700687569675,0.5,0.5,0,True,,1
245,53,2,6,2.6000000000000001,2,15,4,0.61818181818181817,0.93333333333333335,0.41176470588235292,0.071428571428571425,0.77454545454545454,0.70588235294117652,0.23474178403755869,0.66666666666666663,0.24539877300613497,0.25,0.16529509336412207,0.39549000710470378,0.68243849227903375,0.5,0.5,0,True,,1
246,53,2,6,2.6000000000000001,2,15,4,0.61818181818181817,0.93333333333333335,0.41176470588235292,0.071428571428571425,0.77454545454545454,0.70588235294117652,0.23474178403755869,0.66666666666666663,0.24539877300613497,0.25,0.51801129537087498,0.81387835432567834,0.092556734303980454,0.5,0.5,0,True,,1
247,53,2,6,2.6000000000000001,2,15,4,0.61818181818181817,0.93333333333333335,0.41176470588235292,0.071428571428571425,0.77454545454545454,0.70588235294117652,0.23474178403755869,0.66666666666666663,0.24539877300613497,0.25,0.90361470408126476,0.8904478980812508,0.84863918777010994,0.5,0.5,0,True,,1
248,53,2,6,2.6000000000000001,2,15,4,0.61818181818181817,0.93333333333333335,0.41176470588235292,0.071428571428571425,0.77454545454545454,0.70588235294117652,0.23474178403755869,0.66666666666666663,0.24539877300613497,0.25,0.84291919058643583,0.40587283007371083,0.090537855268358058,0.5,0.5,0,True,,1
249,53,2,6,2.6000000000000001,2,15,4,0.61818181818181817,0.93333333333333335,0.41176470588235292,0.071428571428571425,0.77454545454545454,0.70588235294117652,0.23474178403755869,0.66666666666666663,0.24539877300613497,0.25,0.37317740324368404,0.15048718477913603,0.41057990509814735,0.5,0.5,0,True,,1
250,53,2,6,2.6000000000000001,2,15,4,0.61818181818181817,0.93333333333333335,0.41176470588235292,0.071428571428571425,0.77454545454545454,0.70588235294117652,0.23474178403755869,0.66666666666666663,0.24539877300613497,0.25,0.98849643897340966,0.51813907278849691,0.30522042381263753,0.5,0.5,0,True,,1
251,53,2,6,2.6000000000000001,2,15,4,0.61818181818181817,0.93333333333333335,0.41176470588235292,0.071428571428571425,0.77454545454545454,0.70588235294117652,0.23474178403755869,0.66666666666666663,0.24539877300613497,0.25,0.89959284994458688,0.82646433867274671,0.45926874786677796,0.5,0.5,0,True,,1
252,53,2,6,2.6000000000000001,2,15,4,0.61818181818181817,0.93333333333333335,0.41176470588235292,0.071428571428571425,0.77454545454545454,0.70588235294117652,0.23474178403755869,0.66666666666666663,0.24539877300613497,0.25,0.90906648849455229,0.80948329503906913,0.62675959283018068,0.5,0.5,0,True,,1
253,53,2,6,2.6000000000000001,2,15,4,0.61818181818181817,0.93333333333333335,0.41176470588235292,0.071428571428571425,0.77454545454545454,0.70588235294117652,0.23474178403755869,0.66666666666666663,0.24539877300613497,0.25,0.29605446244967037,0.28355950924109291,0.94471218725710926,0.5,0.5,0,True,,1
254,53,2,6,2.6000000000000001,2,15,4,0.61818181818181817,0.93333333333333335,0.41176470588235292,0.071428571428571425,0.77454545454545454,0.70588235294117652,0.23474178403755869,0.66666666666666663,0.24539877300613497,0.25,0.53649958185623492,0.64995386122545717,0.12446379921257186,0.5,0.5,0,True,,1
255,53,2,6,2.6000000000000001,2,15,4,0.61818181818181817,0.93333333333333335,0.41176470588235292,0.071428571428571425,0.77454545454545454,0.70588235294117652,0.23474178403755869,0.66666666666666663,0.24539877300613497,0.25,0.87904019342245809,0.14238993033696073,0.73670258907958541,0.5,0.5,0,True,,1
