parent_slot,parent_group,parent_role,source,case_id,parent_case_relpath,parent_manifest_sha256,parent_s11_sha256,parent_ffs_sha256,selection_distance,local_surprise_score,global_nondominated,SLOT_MAIN_LENGTH,PATCH_BRICK_1_SIDE_MARGIN,PATCH_BRICK_1_TOP_MARGIN,PATCH_BRICK_2_HEIGHT_MARGIN,UPPER_CORNER_NOTCH_1_K1,UPPER_CORNER_NOTCH_1_K2,UPPER_CORNER_EAR_1_K1,UPPER_CORNER_EAR_1_K2,BRANCH_UP_1_K,BRANCH_UP_1_K2,BRANCH_UP_1_K3,worst_s11_linear_amplitude,negative_roi_theta_radiation_gain_dbi,normalized_substrate_area
1,phase2_propagation_labeled_mode,roi_gain_endpoint,msabp-phase2-krvea-roi-radgain-64-001,krvea_0023,results/raw/msabp-phase2-krvea-roi-radgain-64-001/case_krvea_0023,212e1f0e5c09de42824b2c8927cd642b63bb65d83ab2c4598ad9861ab663a54f,fcc72f8d58a50a6c869e34bb1a28f58f299cfebdb6eb260d8d78355d06da90b3,cf966f1db16b47b068ceb8004e3b518e138a8e30f5962c1a281125a091d5582f,,,True,54.016420134161201,6.4381160127125767,2.5156698687918051,16.483476789805586,0.55630434720839095,0.73921679817085961,0.300807511130813,0.022592432944565401,0.27285011799892062,0.84054406752836575,0.10226095338525,0.32550014772164187,5.3497132691701719,1.0636837738953766
2,phase2_propagation_labeled_mode,s11_endpoint,msabp-phase2-krvea-roi-radgain-64-001,krvea_0034,results/raw/msabp-phase2-krvea-roi-radgain-64-001/case_krvea_0034,861f89a4598ddd472494e369c85a0b337e42c070bf2a9552b73d093b5a99de93,2e019fe86ad3ed0c158fb8d505be3349a6909e68ad6cd4743af02aa1cff0e8ee,420d5210f59aa60b379038e9da3cc082bbfd824122922f1051d95b4b68423c27,,,True,54.226448767365682,5.9815226928297056,2.38544111083994,14.794125515338695,0.6090330150631621,0.98000936343800715,0.41512223131510478,0.078190962980884196,0.39555141846012942,0.8551950127725606,0.37486386189539672,0.31851976840340412,9.4824402441995179,1.0072142943632416
3,phase2_propagation_labeled_mode,area_endpoint,msabp-phase2-krvea-roi-radgain-64-001,krvea_0046,results/raw/msabp-phase2-krvea-roi-radgain-64-001/case_krvea_0046,1ad20938eb0a76a0ef6535e4439b2114ab449135fc15e010d654cf0d1d1312af,e8291060b56c7edca2fc348c4432c88843522db0621b7b6555ad7f568185e1bc,cf19731b4caa759202b50313424fce5cb1c762824d3895feebc9115a4524d565,,,True,53.32348431357881,6.0698063850702395,2.3737333898219282,13.587593741901015,0.60889566359551806,0.99768258759261441,0.4199305684097529,0.00083807169447580002,0.36542678133547551,0.80912869643060004,0.41552144387094608,0.36133307750758309,10.556930819385942,0.96627152224026602
4,phase2_propagation_labeled_mode,pareto_objective_cover,msabp-phase2-krvea-roi-radgain-64-001,krvea_0050,results/raw/msabp-phase2-krvea-roi-radgain-64-001/case_krvea_0050,525e3d5e60c6c462a3405514782c92c6a3d99c9a263287e34bad92242f516734,509e83c548b63e98df3d83526f3de6def8973d50eccbe9c82189093caa3f927b,a507b5bf5c6608be1e1b607d770496efdde9a1d207dc068dfe4d1ef7a555daea,,,True,53.149255700679127,6.3991922155216505,2.516796040653444,14.758818905984112,0.55575563354081547,0.74068993951679518,0.3128262722527056,0.022592432944499901,0.32363144813398809,0.73606907250799958,0.0974991106609569,0.39454964322166652,7.324014486644618,1.0060410964186268
5,phase2_propagation_labeled_mode,pareto_objective_cover,msabp-phase2-krvea-roi-radgain-64-001,krvea_0015,results/raw/msabp-phase2-krvea-roi-radgain-64-001/case_krvea_0015,75b88035e861acc768401edf82906ecd798438280d5190b615cc9d07b567fb3b,46942c1849fdb735b383c3c057ec5d920807c60e4c1592483f4f8771c1a8d183,aff35c7f875c88c4614bac6faae4ad5471955627abf9125cfcf0e1be4cb6e83b,,,True,54.414661933630398,5.7256025679761455,2.3715492322988454,15.622092687027866,0.60715310559901814,0.94311582024953278,0.42112778639934229,0.1477804030466808,0.36285691688198329,0.86082190073023435,0.39888856455952593,0.34065182611574862,8.5557222552874048,1.0227443030641494
6,phase2_propagation_labeled_mode,pareto_objective_cover,msabp-phase2-krvea-roi-radgain-64-001,krvea_0061,results/raw/msabp-phase2-krvea-roi-radgain-64-001/case_krvea_0061,a2a94314565f56bb03b5b4d8a8cb3da153bc38f774019423626f20f217960a92,03acab02aa06638f780a799b2a7bdeb4fa13a718013da3fc8b9c72803da1ba97,3f25061414b6190fef4f688cbb60b9ac2aecc63ba424503384bca62d109528f6,,,True,53.221106915905999,5.9810671556535171,2.35899656886868,14.777447026977224,0.63716473016821795,0.94495126271833541,0.51597509586890555,0.022422250716825898,0.44934788432184991,0.90195298777342858,0.3843090890916499,0.36995935059308738,9.6475600605889085,0.99128607164993177
7,design_space_maximin,11d_farthest_first,msabp-krvea-11var-stage2-learned-64-006,krvea_0011,results/raw/msabp-krvea-11var-stage2-learned-64-006/case_krvea_0011,a59c605660bf8d861e2440188987a147d0d3f23957fb624404740e9d77b9649f,b3989c8b3decc4e61fce0a88c5741e1febccac77169deee19b88d4b29ab76bf3,13216255c42613f5ee6a34001e032364a0586f5b151d935601182348a8d4ef61,1.8716970649296836,,False,48.026718848425681,5.4416268818439804,2.8162242441227163,13.587037857552138,0.48802996331221682,0.7119402923431184,0.40089029312262692,0.29419678384921871,0.66722403756173365,0.249883774196103,0.98620844252625595,0.72294357935953146,7.8068860275095933,0.88230704192373732
8,design_space_maximin,11d_farthest_first,msabp-krvea-11var-calibrated-64-003,krvea_0003,results/raw/msabp-krvea-11var-calibrated-64-003/case_krvea_0003,d26a7209a26bdea030270b8292014f88c542019d4d0c1f4bad4c11b13cf03297,c0ce7d0e5ecdb6cc95279bb3ad8e9c68ca13583b5dba004f2b3b98cdb09d97b3,290508de85e8f46ddf4a743a02dcf72d52d19720b76eb19a91ca4b71b4ac2e46,1.6913790044777266,,False,56.673050052298485,6.5995294651244567,2.7798440686842181,13.628316454783452,0.76277644655534327,0.73692283872861564,0.28652724608030822,0.28489404606028412,0.21782832841279401,0.096041829372988399,0.86121086089356114,0.65017790982264567,9.8861951152815699,1.0412277067658229
9,design_space_maximin,11d_farthest_first,msabp-krvea-11var-calibrated-64-003,krvea_0051,results/raw/msabp-krvea-11var-calibrated-64-003/case_krvea_0051,cfbcedbc3102dcb4efda780335fbc40c893ca7b203022159f12a56e620855a70,797dc193b0bd5e49de5e3a27d383a2ab805f669dbc383ba0e2b95d348058c9fc,d2d4320cb0b070e3adaa05eb72d0011833ea59afa2b611bc8b5c04d3c8a6c75e,1.6646641770704724,,False,49.180996084923969,6.1699816271576919,2.7364614819107835,16.380607926369077,0.7627704454067592,0.99363429076293142,0.52838370875022023,0.27707050768645691,0.8318754974026864,0.0911079206545993,0.93847865146752341,0.85561454747957677,5.8770137296707485,0.98349998285834361
10,design_space_maximin,11d_farthest_first,msabp-krvea-11var-calibrated-64-002,krvea_0011,results/raw/msabp-krvea-11var-calibrated-64-002/case_krvea_0011,b5a5ecff77bf27085a1909a0d415d159cd823a858de5522aa4c617354ce58586,2fdf7a655122a7161bf10988900d9e63b488bd53d91d3018f2bc9855aaf8725c,e6384fdd73010fc5124b02e23e911139a4bd163203f5b9c95963c9bc90125315,1.6534612627173733,,False,57.298528708238287,5.5496873700766542,2.8525042803917282,16.375808694848288,0.74477438639015703,0.70201544867671484,0.51335082432590862,0.11147236965733021,0.099896874864679602,0.0795187050593789,0.4340339911579903,0.81712556826211735,3.3842391482988803,1.0928551943310818
11,design_space_maximin,11d_farthest_first,msabp-krvea-11var-calibrated-64-002,krvea_0047,results/raw/msabp-krvea-11var-calibrated-64-002/case_krvea_0047,3e50914f20bc6fb5b3edaec1d62f1fd42c233c64a7d085b0b2962f94e2e51dad,c766326c7e26e68d29fa93b511b64374e1d9cf9140d566b4b9714aa636fc9f7b,8b948fb7d23a8e86a87594c306cb5ca0c0d7cdf690b8babc00fa33b4e948743f,1.5771548805005942,,False,48.251351311227978,6.5077598392598599,2.4024053145680044,16.125465299472602,0.51023539763572356,0.75816896115838794,0.54941251814416181,0.28680112383071421,0.76556618192469261,0.050067247731559801,0.17657154657021401,0.65490546574198405,5.1425421463716443,0.96586222800435317
12,design_space_maximin,11d_farthest_first,msabp-krvea-11var-stage2-learned-64-006,krvea_0051,results/raw/msabp-krvea-11var-stage2-learned-64-006/case_krvea_0051,8926db2d35fc374c8ceb9230053960846290f68bef46914538d818aa8163d024,ebd11d9407b8d619c7f9543d4d22cb35d93fe6ae7e4f94b9cc80ef9218e01eea,e7dfd10a6993883be7e3997c3ba456bce880ca3644e95d70776cf820e583a0f6,1.544870315150539,,False,57.498718253004526,6.3649491571754426,2.798349962632749,15.4953770671166,0.48502986103819401,0.91955820652616804,0.26478452126312713,0.29045331844313121,0.956424494800313,0.75654286546757565,0.89305687098448516,0.75960945177696382,5.4892214038623264,1.0964593692628504
13,local_surprise,12nn_leave_one_out_residual,msabp-krvea-11var-stage2-learned-64-006,krvea_0039,results/raw/msabp-krvea-11var-stage2-learned-64-006/case_krvea_0039,ba3ef308d414563eeaaf01d8b6a3a06ab95b373275786c163087a26b274825df,84138844315f319f5848346df7375ab6525ea22e14e415d84a9504c2fc38c4b4,975ae5f498b402fe8bb9a385325b03e42db5b4e45cc572a64839792d6b9d9158,1.4760710821875651,1.602882807750482,False,57.377371135010016,5.8798817580572038,2.8531072286832093,13.8087984809434,0.746052532891892,0.97382387831299122,0.53809569910768973,0.24315803945808381,0.94023661135023862,0.93766803397552156,0.97182451388113023,0.87190869774580904,5.5278801798490491,1.0372157661149579
14,local_surprise,12nn_leave_one_out_residual,msabp-phase2-krvea-roi-radgain-64-001,krvea_0019,results/raw/msabp-phase2-krvea-roi-radgain-64-001/case_krvea_0019,bb7d02349ada020318ae6552d0cab79f1fe443c30476ad85a96fb5ae6ffd13c5,e6577e547c3112993923ea4473bdb60611e8464d348f7ffff97d6393af1eac14,f2828bf51efa1d439f81527a7d3dcf5674b16debc061e7063c47a9382650311a,1.389799387977519,1.2729104221254082,False,58.245892468273802,5.4279562645754957,2.4211425872327963,14.129672089437539,0.74432271640593095,0.7310937608721495,0.41999183584285721,0.11335727304817959,0.96284502932401816,0.52644940743749635,0.86266355644774173,0.85471749792071372,5.5271742681111213,1.0337968945775682
15,local_surprise,12nn_leave_one_out_residual,msabp-krvea-11var-smoke-128-001,krvea_0095,results/raw/msabp-krvea-11var-smoke-128-001/case_krvea_0095,9a6b4887f9d629ac53c9109efe208a7d40a8884979773e74522e6aa5bd01f93c,6f51c01283b403067d434e4f36675dbac136b08548b4b8138eb7d21078eeb880,7bcaff3b12734c3dfedacdb1877969a71fb15dd7d1e18206eb188830b6a5fc83,1.3670331227944084,1.131803404429079,False,48.867026726708971,5.4308234252047729,2.4332143944321105,13.53390672091345,0.695805381917041,0.97250618010050061,0.26198842339027523,0.2252065669264515,0.14123019609800311,0.19852046048486971,0.64883635526227834,0.91761023282531484,7.4834514933349396,0.88426906094008095
16,local_surprise,12nn_leave_one_out_residual,msabp-krvea-11var-smoke-128-001,krvea_0100,results/raw/msabp-krvea-11var-smoke-128-001/case_krvea_0100,e359ca24a79f11e59b6d364d7fc1973ef905ef567eaa451c41ae67d10d0e4166,10ae1cf6eecebc8622315da1d23333321149dd5685e86372c7368f2976db3d8f,d00ea849ba80510c6a70760de6769b7d642dbc04af0bdcb07542d88c461b329c,1.3594192184152742,0.97707104731233574,True,48.022704083242338,5.4046380796206721,2.4702513823760297,13.509087664440097,0.56720064997788122,0.70065248505002575,0.26251733692725843,1.2288359003260336e-06,0.40680123355098641,0.55881901487341012,0.86349061083988765,0.82598948746122092,6.6182084437717981,0.87169707475957303
