sample_id,simulation_mode,doe_source,topology_id,design_space_dimension,parent_slot,parent_group,parent_role,parent_source,parent_case_id,parent_case_relpath,parent_manifest_sha256,down_setting_id,reuses_k3_zero_baseline,SLOT_MAIN_LENGTH,SLOT_MAIN_HEIGHT,PATCH_BRICK_1_SIDE_MARGIN,PATCH_BRICK_1_TOP_MARGIN,PATCH_BRICK_3_BOTTOM_MARGIN,PATCH_BRICK_2_HEIGHT_MARGIN,PATCH_BRICK_4_MARGIN,UPPER_CORNER_NOTCH_1_K1,UPPER_CORNER_NOTCH_1_K2,UPPER_CORNER_EAR_1_K1,UPPER_CORNER_EAR_1_K2,LOWER_CORNER_NOTCH_1_K1,LOWER_CORNER_NOTCH_1_K2,LOWER_CORNER_EAR_1_K1,LOWER_CORNER_EAR_1_K2,LOWER_CORNER_EAR_2_K1,LOWER_CORNER_EAR_2_K2,BRANCH_UP_1_K,BRANCH_UP_1_K2,BRANCH_UP_1_K3,BRANCH_DOWN_1_K,BRANCH_DOWN_1_K2,BRANCH_DOWN_1_K3,geometry_valid,geometry_error,final_conductor_components
bridge_p01_d01,antenna_characterization,1u1d_14d_bridge,1u1d,14,1,phase2_propagation_labeled_mode,roi_gain_endpoint,msabp-phase2-krvea-roi-radgain-64-001,krvea_0023,results/raw/msabp-phase2-krvea-roi-radgain-64-001/case_krvea_0023,212e1f0e5c09de42824b2c8927cd642b63bb65d83ab2c4598ad9861ab663a54f,d01,True,54.016420134161201,2,6.4381160127125767,2.5156698687918051,2,16.483476789805586,4,0.55630434720839095,0.73921679817085961,0.300807511130813,0.022592432944565401,0.77454545454545454,0.70588235294117652,0.23474178403755869,0.66666666666666663,0.24539877300613497,0.25,0.27285011799892062,0.84054406752836575,0.10226095338525,0.58280835084146099,0.092648642265661552,0.69022035573078044,True,,1
bridge_p01_d02,antenna_characterization,1u1d_14d_bridge,1u1d,14,1,phase2_propagation_labeled_mode,roi_gain_endpoint,msabp-phase2-krvea-roi-radgain-64-001,krvea_0023,results/raw/msabp-phase2-krvea-roi-radgain-64-001/case_krvea_0023,212e1f0e5c09de42824b2c8927cd642b63bb65d83ab2c4598ad9861ab663a54f,d02,True,54.016420134161201,2,6.4381160127125767,2.5156698687918051,2,16.483476789805586,4,0.55630434720839095,0.73921679817085961,0.300807511130813,0.022592432944565401,0.77454545454545454,0.70588235294117652,0.23474178403755869,0.66666666666666663,0.24539877300613497,0.25,0.27285011799892062,0.84054406752836575,0.10226095338525,0.27284868009534236,0.58963962118221891,0.86913124566574695,True,,1
bridge_p01_d03,antenna_characterization,1u1d_14d_bridge,1u1d,14,1,phase2_propagation_labeled_mode,roi_gain_endpoint,msabp-phase2-krvea-roi-radgain-64-001,krvea_0023,results/raw/msabp-phase2-krvea-roi-radgain-64-001/case_krvea_0023,212e1f0e5c09de42824b2c8927cd642b63bb65d83ab2c4598ad9861ab663a54f,d03,True,54.016420134161201,2,6.4381160127125767,2.5156698687918051,2,16.483476789805586,4,0.55630434720839095,0.73921679817085961,0.300807511130813,0.022592432944565401,0.77454545454545454,0.70588235294117652,0.23474178403755869,0.66666666666666663,0.24539877300613497,0.25,0.27285011799892062,0.84054406752836575,0.10226095338525,0.33307844837416872,0.45327531738561744,0.14341657886582593,True,,1
bridge_p01_d04,antenna_characterization,1u1d_14d_bridge,1u1d,14,1,phase2_propagation_labeled_mode,roi_gain_endpoint,msabp-phase2-krvea-roi-radgain-64-001,krvea_0023,results/raw/msabp-phase2-krvea-roi-radgain-64-001/case_krvea_0023,212e1f0e5c09de42824b2c8927cd642b63bb65d83ab2c4598ad9861ab663a54f,d04,True,54.016420134161201,2,6.4381160127125767,2.5156698687918051,2,16.483476789805586,4,0.55630434720839095,0.73921679817085961,0.300807511130813,0.022592432944565401,0.77454545454545454,0.70588235294117652,0.23474178403755869,0.66666666666666663,0.24539877300613497,0.25,0.27285011799892062,0.84054406752836575,0.10226095338525,0.8424822072132403,0.89898391726346683,0.39141161449096173,True,,1
bridge_p02_d01,antenna_characterization,1u1d_14d_bridge,1u1d,14,2,phase2_propagation_labeled_mode,s11_endpoint,msabp-phase2-krvea-roi-radgain-64-001,krvea_0034,results/raw/msabp-phase2-krvea-roi-radgain-64-001/case_krvea_0034,861f89a4598ddd472494e369c85a0b337e42c070bf2a9552b73d093b5a99de93,d01,True,54.226448767365682,2,5.9815226928297056,2.38544111083994,2,14.794125515338695,4,0.6090330150631621,0.98000936343800715,0.41512223131510478,0.078190962980884196,0.77454545454545454,0.70588235294117652,0.23474178403755869,0.66666666666666663,0.24539877300613497,0.25,0.39555141846012942,0.8551950127725606,0.37486386189539672,0.58280835084146099,0.092648642265661552,0.69022035573078044,True,,1
bridge_p02_d02,antenna_characterization,1u1d_14d_bridge,1u1d,14,2,phase2_propagation_labeled_mode,s11_endpoint,msabp-phase2-krvea-roi-radgain-64-001,krvea_0034,results/raw/msabp-phase2-krvea-roi-radgain-64-001/case_krvea_0034,861f89a4598ddd472494e369c85a0b337e42c070bf2a9552b73d093b5a99de93,d02,True,54.226448767365682,2,5.9815226928297056,2.38544111083994,2,14.794125515338695,4,0.6090330150631621,0.98000936343800715,0.41512223131510478,0.078190962980884196,0.77454545454545454,0.70588235294117652,0.23474178403755869,0.66666666666666663,0.24539877300613497,0.25,0.39555141846012942,0.8551950127725606,0.37486386189539672,0.27284868009534236,0.58963962118221891,0.86913124566574695,True,,1
bridge_p02_d03,antenna_characterization,1u1d_14d_bridge,1u1d,14,2,phase2_propagation_labeled_mode,s11_endpoint,msabp-phase2-krvea-roi-radgain-64-001,krvea_0034,results/raw/msabp-phase2-krvea-roi-radgain-64-001/case_krvea_0034,861f89a4598ddd472494e369c85a0b337e42c070bf2a9552b73d093b5a99de93,d03,True,54.226448767365682,2,5.9815226928297056,2.38544111083994,2,14.794125515338695,4,0.6090330150631621,0.98000936343800715,0.41512223131510478,0.078190962980884196,0.77454545454545454,0.70588235294117652,0.23474178403755869,0.66666666666666663,0.24539877300613497,0.25,0.39555141846012942,0.8551950127725606,0.37486386189539672,0.33307844837416872,0.45327531738561744,0.14341657886582593,True,,1
bridge_p02_d04,antenna_characterization,1u1d_14d_bridge,1u1d,14,2,phase2_propagation_labeled_mode,s11_endpoint,msabp-phase2-krvea-roi-radgain-64-001,krvea_0034,results/raw/msabp-phase2-krvea-roi-radgain-64-001/case_krvea_0034,861f89a4598ddd472494e369c85a0b337e42c070bf2a9552b73d093b5a99de93,d04,True,54.226448767365682,2,5.9815226928297056,2.38544111083994,2,14.794125515338695,4,0.6090330150631621,0.98000936343800715,0.41512223131510478,0.078190962980884196,0.77454545454545454,0.70588235294117652,0.23474178403755869,0.66666666666666663,0.24539877300613497,0.25,0.39555141846012942,0.8551950127725606,0.37486386189539672,0.8424822072132403,0.89898391726346683,0.39141161449096173,True,,1
bridge_p03_d01,antenna_characterization,1u1d_14d_bridge,1u1d,14,3,phase2_propagation_labeled_mode,area_endpoint,msabp-phase2-krvea-roi-radgain-64-001,krvea_0046,results/raw/msabp-phase2-krvea-roi-radgain-64-001/case_krvea_0046,1ad20938eb0a76a0ef6535e4439b2114ab449135fc15e010d654cf0d1d1312af,d01,True,53.32348431357881,2,6.0698063850702395,2.3737333898219282,2,13.587593741901015,4,0.60889566359551806,0.99768258759261441,0.4199305684097529,0.00083807169447580002,0.77454545454545454,0.70588235294117652,0.23474178403755869,0.66666666666666663,0.24539877300613497,0.25,0.36542678133547551,0.80912869643060004,0.41552144387094608,0.58280835084146099,0.092648642265661552,0.69022035573078044,True,,1
bridge_p03_d02,antenna_characterization,1u1d_14d_bridge,1u1d,14,3,phase2_propagation_labeled_mode,area_endpoint,msabp-phase2-krvea-roi-radgain-64-001,krvea_0046,results/raw/msabp-phase2-krvea-roi-radgain-64-001/case_krvea_0046,1ad20938eb0a76a0ef6535e4439b2114ab449135fc15e010d654cf0d1d1312af,d02,True,53.32348431357881,2,6.0698063850702395,2.3737333898219282,2,13.587593741901015,4,0.60889566359551806,0.99768258759261441,0.4199305684097529,0.00083807169447580002,0.77454545454545454,0.70588235294117652,0.23474178403755869,0.66666666666666663,0.24539877300613497,0.25,0.36542678133547551,0.80912869643060004,0.41552144387094608,0.27284868009534236,0.58963962118221891,0.86913124566574695,True,,1
bridge_p03_d03,antenna_characterization,1u1d_14d_bridge,1u1d,14,3,phase2_propagation_labeled_mode,area_endpoint,msabp-phase2-krvea-roi-radgain-64-001,krvea_0046,results/raw/msabp-phase2-krvea-roi-radgain-64-001/case_krvea_0046,1ad20938eb0a76a0ef6535e4439b2114ab449135fc15e010d654cf0d1d1312af,d03,True,53.32348431357881,2,6.0698063850702395,2.3737333898219282,2,13.587593741901015,4,0.60889566359551806,0.99768258759261441,0.4199305684097529,0.00083807169447580002,0.77454545454545454,0.70588235294117652,0.23474178403755869,0.66666666666666663,0.24539877300613497,0.25,0.36542678133547551,0.80912869643060004,0.41552144387094608,0.33307844837416872,0.45327531738561744,0.14341657886582593,True,,1
bridge_p03_d04,antenna_characterization,1u1d_14d_bridge,1u1d,14,3,phase2_propagation_labeled_mode,area_endpoint,msabp-phase2-krvea-roi-radgain-64-001,krvea_0046,results/raw/msabp-phase2-krvea-roi-radgain-64-001/case_krvea_0046,1ad20938eb0a76a0ef6535e4439b2114ab449135fc15e010d654cf0d1d1312af,d04,True,53.32348431357881,2,6.0698063850702395,2.3737333898219282,2,13.587593741901015,4,0.60889566359551806,0.99768258759261441,0.4199305684097529,0.00083807169447580002,0.77454545454545454,0.70588235294117652,0.23474178403755869,0.66666666666666663,0.24539877300613497,0.25,0.36542678133547551,0.80912869643060004,0.41552144387094608,0.8424822072132403,0.89898391726346683,0.39141161449096173,True,,1
bridge_p04_d01,antenna_characterization,1u1d_14d_bridge,1u1d,14,4,phase2_propagation_labeled_mode,pareto_objective_cover,msabp-phase2-krvea-roi-radgain-64-001,krvea_0050,results/raw/msabp-phase2-krvea-roi-radgain-64-001/case_krvea_0050,525e3d5e60c6c462a3405514782c92c6a3d99c9a263287e34bad92242f516734,d01,True,53.149255700679127,2,6.3991922155216505,2.516796040653444,2,14.758818905984112,4,0.55575563354081547,0.74068993951679518,0.3128262722527056,0.022592432944499901,0.77454545454545454,0.70588235294117652,0.23474178403755869,0.66666666666666663,0.24539877300613497,0.25,0.32363144813398809,0.73606907250799958,0.0974991106609569,0.58280835084146099,0.092648642265661552,0.69022035573078044,True,,1
bridge_p04_d02,antenna_characterization,1u1d_14d_bridge,1u1d,14,4,phase2_propagation_labeled_mode,pareto_objective_cover,msabp-phase2-krvea-roi-radgain-64-001,krvea_0050,results/raw/msabp-phase2-krvea-roi-radgain-64-001/case_krvea_0050,525e3d5e60c6c462a3405514782c92c6a3d99c9a263287e34bad92242f516734,d02,True,53.149255700679127,2,6.3991922155216505,2.516796040653444,2,14.758818905984112,4,0.55575563354081547,0.74068993951679518,0.3128262722527056,0.022592432944499901,0.77454545454545454,0.70588235294117652,0.23474178403755869,0.66666666666666663,0.24539877300613497,0.25,0.32363144813398809,0.73606907250799958,0.0974991106609569,0.27284868009534236,0.58963962118221891,0.86913124566574695,True,,1
bridge_p04_d03,antenna_characterization,1u1d_14d_bridge,1u1d,14,4,phase2_propagation_labeled_mode,pareto_objective_cover,msabp-phase2-krvea-roi-radgain-64-001,krvea_0050,results/raw/msabp-phase2-krvea-roi-radgain-64-001/case_krvea_0050,525e3d5e60c6c462a3405514782c92c6a3d99c9a263287e34bad92242f516734,d03,True,53.149255700679127,2,6.3991922155216505,2.516796040653444,2,14.758818905984112,4,0.55575563354081547,0.74068993951679518,0.3128262722527056,0.022592432944499901,0.77454545454545454,0.70588235294117652,0.23474178403755869,0.66666666666666663,0.24539877300613497,0.25,0.32363144813398809,0.73606907250799958,0.0974991106609569,0.33307844837416872,0.45327531738561744,0.14341657886582593,True,,1
bridge_p04_d04,antenna_characterization,1u1d_14d_bridge,1u1d,14,4,phase2_propagation_labeled_mode,pareto_objective_cover,msabp-phase2-krvea-roi-radgain-64-001,krvea_0050,results/raw/msabp-phase2-krvea-roi-radgain-64-001/case_krvea_0050,525e3d5e60c6c462a3405514782c92c6a3d99c9a263287e34bad92242f516734,d04,True,53.149255700679127,2,6.3991922155216505,2.516796040653444,2,14.758818905984112,4,0.55575563354081547,0.74068993951679518,0.3128262722527056,0.022592432944499901,0.77454545454545454,0.70588235294117652,0.23474178403755869,0.66666666666666663,0.24539877300613497,0.25,0.32363144813398809,0.73606907250799958,0.0974991106609569,0.8424822072132403,0.89898391726346683,0.39141161449096173,True,,1
bridge_p05_d01,antenna_characterization,1u1d_14d_bridge,1u1d,14,5,phase2_propagation_labeled_mode,pareto_objective_cover,msabp-phase2-krvea-roi-radgain-64-001,krvea_0015,results/raw/msabp-phase2-krvea-roi-radgain-64-001/case_krvea_0015,75b88035e861acc768401edf82906ecd798438280d5190b615cc9d07b567fb3b,d01,True,54.414661933630398,2,5.7256025679761455,2.3715492322988454,2,15.622092687027866,4,0.60715310559901814,0.94311582024953278,0.42112778639934229,0.1477804030466808,0.77454545454545454,0.70588235294117652,0.23474178403755869,0.66666666666666663,0.24539877300613497,0.25,0.36285691688198329,0.86082190073023435,0.39888856455952593,0.58280835084146099,0.092648642265661552,0.69022035573078044,True,,1
bridge_p05_d02,antenna_characterization,1u1d_14d_bridge,1u1d,14,5,phase2_propagation_labeled_mode,pareto_objective_cover,msabp-phase2-krvea-roi-radgain-64-001,krvea_0015,results/raw/msabp-phase2-krvea-roi-radgain-64-001/case_krvea_0015,75b88035e861acc768401edf82906ecd798438280d5190b615cc9d07b567fb3b,d02,True,54.414661933630398,2,5.7256025679761455,2.3715492322988454,2,15.622092687027866,4,0.60715310559901814,0.94311582024953278,0.42112778639934229,0.1477804030466808,0.77454545454545454,0.70588235294117652,0.23474178403755869,0.66666666666666663,0.24539877300613497,0.25,0.36285691688198329,0.86082190073023435,0.39888856455952593,0.27284868009534236,0.58963962118221891,0.86913124566574695,True,,1
bridge_p05_d03,antenna_characterization,1u1d_14d_bridge,1u1d,14,5,phase2_propagation_labeled_mode,pareto_objective_cover,msabp-phase2-krvea-roi-radgain-64-001,krvea_0015,results/raw/msabp-phase2-krvea-roi-radgain-64-001/case_krvea_0015,75b88035e861acc768401edf82906ecd798438280d5190b615cc9d07b567fb3b,d03,True,54.414661933630398,2,5.7256025679761455,2.3715492322988454,2,15.622092687027866,4,0.60715310559901814,0.94311582024953278,0.42112778639934229,0.1477804030466808,0.77454545454545454,0.70588235294117652,0.23474178403755869,0.66666666666666663,0.24539877300613497,0.25,0.36285691688198329,0.86082190073023435,0.39888856455952593,0.33307844837416872,0.45327531738561744,0.14341657886582593,True,,1
bridge_p05_d04,antenna_characterization,1u1d_14d_bridge,1u1d,14,5,phase2_propagation_labeled_mode,pareto_objective_cover,msabp-phase2-krvea-roi-radgain-64-001,krvea_0015,results/raw/msabp-phase2-krvea-roi-radgain-64-001/case_krvea_0015,75b88035e861acc768401edf82906ecd798438280d5190b615cc9d07b567fb3b,d04,True,54.414661933630398,2,5.7256025679761455,2.3715492322988454,2,15.622092687027866,4,0.60715310559901814,0.94311582024953278,0.42112778639934229,0.1477804030466808,0.77454545454545454,0.70588235294117652,0.23474178403755869,0.66666666666666663,0.24539877300613497,0.25,0.36285691688198329,0.86082190073023435,0.39888856455952593,0.8424822072132403,0.89898391726346683,0.39141161449096173,True,,1
bridge_p06_d01,antenna_characterization,1u1d_14d_bridge,1u1d,14,6,phase2_propagation_labeled_mode,pareto_objective_cover,msabp-phase2-krvea-roi-radgain-64-001,krvea_0061,results/raw/msabp-phase2-krvea-roi-radgain-64-001/case_krvea_0061,a2a94314565f56bb03b5b4d8a8cb3da153bc38f774019423626f20f217960a92,d01,True,53.221106915905999,2,5.9810671556535171,2.35899656886868,2,14.777447026977224,4,0.63716473016821795,0.94495126271833541,0.51597509586890555,0.022422250716825898,0.77454545454545454,0.70588235294117652,0.23474178403755869,0.66666666666666663,0.24539877300613497,0.25,0.44934788432184991,0.90195298777342858,0.3843090890916499,0.58280835084146099,0.092648642265661552,0.69022035573078044,True,,1
bridge_p06_d02,antenna_characterization,1u1d_14d_bridge,1u1d,14,6,phase2_propagation_labeled_mode,pareto_objective_cover,msabp-phase2-krvea-roi-radgain-64-001,krvea_0061,results/raw/msabp-phase2-krvea-roi-radgain-64-001/case_krvea_0061,a2a94314565f56bb03b5b4d8a8cb3da153bc38f774019423626f20f217960a92,d02,True,53.221106915905999,2,5.9810671556535171,2.35899656886868,2,14.777447026977224,4,0.63716473016821795,0.94495126271833541,0.51597509586890555,0.022422250716825898,0.77454545454545454,0.70588235294117652,0.23474178403755869,0.66666666666666663,0.24539877300613497,0.25,0.44934788432184991,0.90195298777342858,0.3843090890916499,0.27284868009534236,0.58963962118221891,0.86913124566574695,True,,1
bridge_p06_d03,antenna_characterization,1u1d_14d_bridge,1u1d,14,6,phase2_propagation_labeled_mode,pareto_objective_cover,msabp-phase2-krvea-roi-radgain-64-001,krvea_0061,results/raw/msabp-phase2-krvea-roi-radgain-64-001/case_krvea_0061,a2a94314565f56bb03b5b4d8a8cb3da153bc38f774019423626f20f217960a92,d03,True,53.221106915905999,2,5.9810671556535171,2.35899656886868,2,14.777447026977224,4,0.63716473016821795,0.94495126271833541,0.51597509586890555,0.022422250716825898,0.77454545454545454,0.70588235294117652,0.23474178403755869,0.66666666666666663,0.24539877300613497,0.25,0.44934788432184991,0.90195298777342858,0.3843090890916499,0.33307844837416872,0.45327531738561744,0.14341657886582593,True,,1
bridge_p06_d04,antenna_characterization,1u1d_14d_bridge,1u1d,14,6,phase2_propagation_labeled_mode,pareto_objective_cover,msabp-phase2-krvea-roi-radgain-64-001,krvea_0061,results/raw/msabp-phase2-krvea-roi-radgain-64-001/case_krvea_0061,a2a94314565f56bb03b5b4d8a8cb3da153bc38f774019423626f20f217960a92,d04,True,53.221106915905999,2,5.9810671556535171,2.35899656886868,2,14.777447026977224,4,0.63716473016821795,0.94495126271833541,0.51597509586890555,0.022422250716825898,0.77454545454545454,0.70588235294117652,0.23474178403755869,0.66666666666666663,0.24539877300613497,0.25,0.44934788432184991,0.90195298777342858,0.3843090890916499,0.8424822072132403,0.89898391726346683,0.39141161449096173,True,,1
bridge_p07_d01,antenna_characterization,1u1d_14d_bridge,1u1d,14,7,design_space_maximin,11d_farthest_first,msabp-krvea-11var-stage2-learned-64-006,krvea_0011,results/raw/msabp-krvea-11var-stage2-learned-64-006/case_krvea_0011,a59c605660bf8d861e2440188987a147d0d3f23957fb624404740e9d77b9649f,d01,True,48.026718848425681,2,5.4416268818439804,2.8162242441227163,2,13.587037857552138,4,0.48802996331221682,0.7119402923431184,0.40089029312262692,0.29419678384921871,0.77454545454545454,0.70588235294117652,0.23474178403755869,0.66666666666666663,0.24539877300613497,0.25,0.66722403756173365,0.249883774196103,0.98620844252625595,0.58280835084146099,0.092648642265661552,0.69022035573078044,True,,1
bridge_p07_d02,antenna_characterization,1u1d_14d_bridge,1u1d,14,7,design_space_maximin,11d_farthest_first,msabp-krvea-11var-stage2-learned-64-006,krvea_0011,results/raw/msabp-krvea-11var-stage2-learned-64-006/case_krvea_0011,a59c605660bf8d861e2440188987a147d0d3f23957fb624404740e9d77b9649f,d02,True,48.026718848425681,2,5.4416268818439804,2.8162242441227163,2,13.587037857552138,4,0.48802996331221682,0.7119402923431184,0.40089029312262692,0.29419678384921871,0.77454545454545454,0.70588235294117652,0.23474178403755869,0.66666666666666663,0.24539877300613497,0.25,0.66722403756173365,0.249883774196103,0.98620844252625595,0.27284868009534236,0.58963962118221891,0.86913124566574695,True,,1
bridge_p07_d03,antenna_characterization,1u1d_14d_bridge,1u1d,14,7,design_space_maximin,11d_farthest_first,msabp-krvea-11var-stage2-learned-64-006,krvea_0011,results/raw/msabp-krvea-11var-stage2-learned-64-006/case_krvea_0011,a59c605660bf8d861e2440188987a147d0d3f23957fb624404740e9d77b9649f,d03,True,48.026718848425681,2,5.4416268818439804,2.8162242441227163,2,13.587037857552138,4,0.48802996331221682,0.7119402923431184,0.40089029312262692,0.29419678384921871,0.77454545454545454,0.70588235294117652,0.23474178403755869,0.66666666666666663,0.24539877300613497,0.25,0.66722403756173365,0.249883774196103,0.98620844252625595,0.33307844837416872,0.45327531738561744,0.14341657886582593,True,,1
bridge_p07_d04,antenna_characterization,1u1d_14d_bridge,1u1d,14,7,design_space_maximin,11d_farthest_first,msabp-krvea-11var-stage2-learned-64-006,krvea_0011,results/raw/msabp-krvea-11var-stage2-learned-64-006/case_krvea_0011,a59c605660bf8d861e2440188987a147d0d3f23957fb624404740e9d77b9649f,d04,True,48.026718848425681,2,5.4416268818439804,2.8162242441227163,2,13.587037857552138,4,0.48802996331221682,0.7119402923431184,0.40089029312262692,0.29419678384921871,0.77454545454545454,0.70588235294117652,0.23474178403755869,0.66666666666666663,0.24539877300613497,0.25,0.66722403756173365,0.249883774196103,0.98620844252625595,0.8424822072132403,0.89898391726346683,0.39141161449096173,True,,1
bridge_p08_d01,antenna_characterization,1u1d_14d_bridge,1u1d,14,8,design_space_maximin,11d_farthest_first,msabp-krvea-11var-calibrated-64-003,krvea_0003,results/raw/msabp-krvea-11var-calibrated-64-003/case_krvea_0003,d26a7209a26bdea030270b8292014f88c542019d4d0c1f4bad4c11b13cf03297,d01,True,56.673050052298485,2,6.5995294651244567,2.7798440686842181,2,13.628316454783452,4,0.76277644655534327,0.73692283872861564,0.28652724608030822,0.28489404606028412,0.77454545454545454,0.70588235294117652,0.23474178403755869,0.66666666666666663,0.24539877300613497,0.25,0.21782832841279401,0.096041829372988399,0.86121086089356114,0.58280835084146099,0.092648642265661552,0.69022035573078044,True,,1
bridge_p08_d02,antenna_characterization,1u1d_14d_bridge,1u1d,14,8,design_space_maximin,11d_farthest_first,msabp-krvea-11var-calibrated-64-003,krvea_0003,results/raw/msabp-krvea-11var-calibrated-64-003/case_krvea_0003,d26a7209a26bdea030270b8292014f88c542019d4d0c1f4bad4c11b13cf03297,d02,True,56.673050052298485,2,6.5995294651244567,2.7798440686842181,2,13.628316454783452,4,0.76277644655534327,0.73692283872861564,0.28652724608030822,0.28489404606028412,0.77454545454545454,0.70588235294117652,0.23474178403755869,0.66666666666666663,0.24539877300613497,0.25,0.21782832841279401,0.096041829372988399,0.86121086089356114,0.27284868009534236,0.58963962118221891,0.86913124566574695,True,,1
bridge_p08_d03,antenna_characterization,1u1d_14d_bridge,1u1d,14,8,design_space_maximin,11d_farthest_first,msabp-krvea-11var-calibrated-64-003,krvea_0003,results/raw/msabp-krvea-11var-calibrated-64-003/case_krvea_0003,d26a7209a26bdea030270b8292014f88c542019d4d0c1f4bad4c11b13cf03297,d03,True,56.673050052298485,2,6.5995294651244567,2.7798440686842181,2,13.628316454783452,4,0.76277644655534327,0.73692283872861564,0.28652724608030822,0.28489404606028412,0.77454545454545454,0.70588235294117652,0.23474178403755869,0.66666666666666663,0.24539877300613497,0.25,0.21782832841279401,0.096041829372988399,0.86121086089356114,0.33307844837416872,0.45327531738561744,0.14341657886582593,True,,1
bridge_p08_d04,antenna_characterization,1u1d_14d_bridge,1u1d,14,8,design_space_maximin,11d_farthest_first,msabp-krvea-11var-calibrated-64-003,krvea_0003,results/raw/msabp-krvea-11var-calibrated-64-003/case_krvea_0003,d26a7209a26bdea030270b8292014f88c542019d4d0c1f4bad4c11b13cf03297,d04,True,56.673050052298485,2,6.5995294651244567,2.7798440686842181,2,13.628316454783452,4,0.76277644655534327,0.73692283872861564,0.28652724608030822,0.28489404606028412,0.77454545454545454,0.70588235294117652,0.23474178403755869,0.66666666666666663,0.24539877300613497,0.25,0.21782832841279401,0.096041829372988399,0.86121086089356114,0.8424822072132403,0.89898391726346683,0.39141161449096173,True,,1
bridge_p09_d01,antenna_characterization,1u1d_14d_bridge,1u1d,14,9,design_space_maximin,11d_farthest_first,msabp-krvea-11var-calibrated-64-003,krvea_0051,results/raw/msabp-krvea-11var-calibrated-64-003/case_krvea_0051,cfbcedbc3102dcb4efda780335fbc40c893ca7b203022159f12a56e620855a70,d01,True,49.180996084923969,2,6.1699816271576919,2.7364614819107835,2,16.380607926369077,4,0.7627704454067592,0.99363429076293142,0.52838370875022023,0.27707050768645691,0.77454545454545454,0.70588235294117652,0.23474178403755869,0.66666666666666663,0.24539877300613497,0.25,0.8318754974026864,0.0911079206545993,0.93847865146752341,0.58280835084146099,0.092648642265661552,0.69022035573078044,True,,1
bridge_p09_d02,antenna_characterization,1u1d_14d_bridge,1u1d,14,9,design_space_maximin,11d_farthest_first,msabp-krvea-11var-calibrated-64-003,krvea_0051,results/raw/msabp-krvea-11var-calibrated-64-003/case_krvea_0051,cfbcedbc3102dcb4efda780335fbc40c893ca7b203022159f12a56e620855a70,d02,True,49.180996084923969,2,6.1699816271576919,2.7364614819107835,2,16.380607926369077,4,0.7627704454067592,0.99363429076293142,0.52838370875022023,0.27707050768645691,0.77454545454545454,0.70588235294117652,0.23474178403755869,0.66666666666666663,0.24539877300613497,0.25,0.8318754974026864,0.0911079206545993,0.93847865146752341,0.27284868009534236,0.58963962118221891,0.86913124566574695,True,,1
bridge_p09_d03,antenna_characterization,1u1d_14d_bridge,1u1d,14,9,design_space_maximin,11d_farthest_first,msabp-krvea-11var-calibrated-64-003,krvea_0051,results/raw/msabp-krvea-11var-calibrated-64-003/case_krvea_0051,cfbcedbc3102dcb4efda780335fbc40c893ca7b203022159f12a56e620855a70,d03,True,49.180996084923969,2,6.1699816271576919,2.7364614819107835,2,16.380607926369077,4,0.7627704454067592,0.99363429076293142,0.52838370875022023,0.27707050768645691,0.77454545454545454,0.70588235294117652,0.23474178403755869,0.66666666666666663,0.24539877300613497,0.25,0.8318754974026864,0.0911079206545993,0.93847865146752341,0.33307844837416872,0.45327531738561744,0.14341657886582593,True,,1
bridge_p09_d04,antenna_characterization,1u1d_14d_bridge,1u1d,14,9,design_space_maximin,11d_farthest_first,msabp-krvea-11var-calibrated-64-003,krvea_0051,results/raw/msabp-krvea-11var-calibrated-64-003/case_krvea_0051,cfbcedbc3102dcb4efda780335fbc40c893ca7b203022159f12a56e620855a70,d04,True,49.180996084923969,2,6.1699816271576919,2.7364614819107835,2,16.380607926369077,4,0.7627704454067592,0.99363429076293142,0.52838370875022023,0.27707050768645691,0.77454545454545454,0.70588235294117652,0.23474178403755869,0.66666666666666663,0.24539877300613497,0.25,0.8318754974026864,0.0911079206545993,0.93847865146752341,0.8424822072132403,0.89898391726346683,0.39141161449096173,True,,1
bridge_p10_d01,antenna_characterization,1u1d_14d_bridge,1u1d,14,10,design_space_maximin,11d_farthest_first,msabp-krvea-11var-calibrated-64-002,krvea_0011,results/raw/msabp-krvea-11var-calibrated-64-002/case_krvea_0011,b5a5ecff77bf27085a1909a0d415d159cd823a858de5522aa4c617354ce58586,d01,True,57.298528708238287,2,5.5496873700766542,2.8525042803917282,2,16.375808694848288,4,0.74477438639015703,0.70201544867671484,0.51335082432590862,0.11147236965733021,0.77454545454545454,0.70588235294117652,0.23474178403755869,0.66666666666666663,0.24539877300613497,0.25,0.099896874864679602,0.0795187050593789,0.4340339911579903,0.58280835084146099,0.092648642265661552,0.69022035573078044,True,,1
bridge_p10_d02,antenna_characterization,1u1d_14d_bridge,1u1d,14,10,design_space_maximin,11d_farthest_first,msabp-krvea-11var-calibrated-64-002,krvea_0011,results/raw/msabp-krvea-11var-calibrated-64-002/case_krvea_0011,b5a5ecff77bf27085a1909a0d415d159cd823a858de5522aa4c617354ce58586,d02,True,57.298528708238287,2,5.5496873700766542,2.8525042803917282,2,16.375808694848288,4,0.74477438639015703,0.70201544867671484,0.51335082432590862,0.11147236965733021,0.77454545454545454,0.70588235294117652,0.23474178403755869,0.66666666666666663,0.24539877300613497,0.25,0.099896874864679602,0.0795187050593789,0.4340339911579903,0.27284868009534236,0.58963962118221891,0.86913124566574695,True,,1
bridge_p10_d03,antenna_characterization,1u1d_14d_bridge,1u1d,14,10,design_space_maximin,11d_farthest_first,msabp-krvea-11var-calibrated-64-002,krvea_0011,results/raw/msabp-krvea-11var-calibrated-64-002/case_krvea_0011,b5a5ecff77bf27085a1909a0d415d159cd823a858de5522aa4c617354ce58586,d03,True,57.298528708238287,2,5.5496873700766542,2.8525042803917282,2,16.375808694848288,4,0.74477438639015703,0.70201544867671484,0.51335082432590862,0.11147236965733021,0.77454545454545454,0.70588235294117652,0.23474178403755869,0.66666666666666663,0.24539877300613497,0.25,0.099896874864679602,0.0795187050593789,0.4340339911579903,0.33307844837416872,0.45327531738561744,0.14341657886582593,True,,1
bridge_p10_d04,antenna_characterization,1u1d_14d_bridge,1u1d,14,10,design_space_maximin,11d_farthest_first,msabp-krvea-11var-calibrated-64-002,krvea_0011,results/raw/msabp-krvea-11var-calibrated-64-002/case_krvea_0011,b5a5ecff77bf27085a1909a0d415d159cd823a858de5522aa4c617354ce58586,d04,True,57.298528708238287,2,5.5496873700766542,2.8525042803917282,2,16.375808694848288,4,0.74477438639015703,0.70201544867671484,0.51335082432590862,0.11147236965733021,0.77454545454545454,0.70588235294117652,0.23474178403755869,0.66666666666666663,0.24539877300613497,0.25,0.099896874864679602,0.0795187050593789,0.4340339911579903,0.8424822072132403,0.89898391726346683,0.39141161449096173,True,,1
bridge_p11_d01,antenna_characterization,1u1d_14d_bridge,1u1d,14,11,design_space_maximin,11d_farthest_first,msabp-krvea-11var-calibrated-64-002,krvea_0047,results/raw/msabp-krvea-11var-calibrated-64-002/case_krvea_0047,3e50914f20bc6fb5b3edaec1d62f1fd42c233c64a7d085b0b2962f94e2e51dad,d01,True,48.251351311227978,2,6.5077598392598599,2.4024053145680044,2,16.125465299472602,4,0.51023539763572356,0.75816896115838794,0.54941251814416181,0.28680112383071421,0.77454545454545454,0.70588235294117652,0.23474178403755869,0.66666666666666663,0.24539877300613497,0.25,0.76556618192469261,0.050067247731559801,0.17657154657021401,0.58280835084146099,0.092648642265661552,0.69022035573078044,True,,1
bridge_p11_d02,antenna_characterization,1u1d_14d_bridge,1u1d,14,11,design_space_maximin,11d_farthest_first,msabp-krvea-11var-calibrated-64-002,krvea_0047,results/raw/msabp-krvea-11var-calibrated-64-002/case_krvea_0047,3e50914f20bc6fb5b3edaec1d62f1fd42c233c64a7d085b0b2962f94e2e51dad,d02,True,48.251351311227978,2,6.5077598392598599,2.4024053145680044,2,16.125465299472602,4,0.51023539763572356,0.75816896115838794,0.54941251814416181,0.28680112383071421,0.77454545454545454,0.70588235294117652,0.23474178403755869,0.66666666666666663,0.24539877300613497,0.25,0.76556618192469261,0.050067247731559801,0.17657154657021401,0.27284868009534236,0.58963962118221891,0.86913124566574695,True,,1
bridge_p11_d03,antenna_characterization,1u1d_14d_bridge,1u1d,14,11,design_space_maximin,11d_farthest_first,msabp-krvea-11var-calibrated-64-002,krvea_0047,results/raw/msabp-krvea-11var-calibrated-64-002/case_krvea_0047,3e50914f20bc6fb5b3edaec1d62f1fd42c233c64a7d085b0b2962f94e2e51dad,d03,True,48.251351311227978,2,6.5077598392598599,2.4024053145680044,2,16.125465299472602,4,0.51023539763572356,0.75816896115838794,0.54941251814416181,0.28680112383071421,0.77454545454545454,0.70588235294117652,0.23474178403755869,0.66666666666666663,0.24539877300613497,0.25,0.76556618192469261,0.050067247731559801,0.17657154657021401,0.33307844837416872,0.45327531738561744,0.14341657886582593,True,,1
bridge_p11_d04,antenna_characterization,1u1d_14d_bridge,1u1d,14,11,design_space_maximin,11d_farthest_first,msabp-krvea-11var-calibrated-64-002,krvea_0047,results/raw/msabp-krvea-11var-calibrated-64-002/case_krvea_0047,3e50914f20bc6fb5b3edaec1d62f1fd42c233c64a7d085b0b2962f94e2e51dad,d04,True,48.251351311227978,2,6.5077598392598599,2.4024053145680044,2,16.125465299472602,4,0.51023539763572356,0.75816896115838794,0.54941251814416181,0.28680112383071421,0.77454545454545454,0.70588235294117652,0.23474178403755869,0.66666666666666663,0.24539877300613497,0.25,0.76556618192469261,0.050067247731559801,0.17657154657021401,0.8424822072132403,0.89898391726346683,0.39141161449096173,True,,1
bridge_p12_d01,antenna_characterization,1u1d_14d_bridge,1u1d,14,12,design_space_maximin,11d_farthest_first,msabp-krvea-11var-stage2-learned-64-006,krvea_0051,results/raw/msabp-krvea-11var-stage2-learned-64-006/case_krvea_0051,8926db2d35fc374c8ceb9230053960846290f68bef46914538d818aa8163d024,d01,True,57.498718253004526,2,6.3649491571754426,2.798349962632749,2,15.4953770671166,4,0.48502986103819401,0.91955820652616804,0.26478452126312713,0.29045331844313121,0.77454545454545454,0.70588235294117652,0.23474178403755869,0.66666666666666663,0.24539877300613497,0.25,0.956424494800313,0.75654286546757565,0.89305687098448516,0.58280835084146099,0.092648642265661552,0.69022035573078044,True,,1
bridge_p12_d02,antenna_characterization,1u1d_14d_bridge,1u1d,14,12,design_space_maximin,11d_farthest_first,msabp-krvea-11var-stage2-learned-64-006,krvea_0051,results/raw/msabp-krvea-11var-stage2-learned-64-006/case_krvea_0051,8926db2d35fc374c8ceb9230053960846290f68bef46914538d818aa8163d024,d02,True,57.498718253004526,2,6.3649491571754426,2.798349962632749,2,15.4953770671166,4,0.48502986103819401,0.91955820652616804,0.26478452126312713,0.29045331844313121,0.77454545454545454,0.70588235294117652,0.23474178403755869,0.66666666666666663,0.24539877300613497,0.25,0.956424494800313,0.75654286546757565,0.89305687098448516,0.27284868009534236,0.58963962118221891,0.86913124566574695,True,,1
bridge_p12_d03,antenna_characterization,1u1d_14d_bridge,1u1d,14,12,design_space_maximin,11d_farthest_first,msabp-krvea-11var-stage2-learned-64-006,krvea_0051,results/raw/msabp-krvea-11var-stage2-learned-64-006/case_krvea_0051,8926db2d35fc374c8ceb9230053960846290f68bef46914538d818aa8163d024,d03,True,57.498718253004526,2,6.3649491571754426,2.798349962632749,2,15.4953770671166,4,0.48502986103819401,0.91955820652616804,0.26478452126312713,0.29045331844313121,0.77454545454545454,0.70588235294117652,0.23474178403755869,0.66666666666666663,0.24539877300613497,0.25,0.956424494800313,0.75654286546757565,0.89305687098448516,0.33307844837416872,0.45327531738561744,0.14341657886582593,True,,1
bridge_p12_d04,antenna_characterization,1u1d_14d_bridge,1u1d,14,12,design_space_maximin,11d_farthest_first,msabp-krvea-11var-stage2-learned-64-006,krvea_0051,results/raw/msabp-krvea-11var-stage2-learned-64-006/case_krvea_0051,8926db2d35fc374c8ceb9230053960846290f68bef46914538d818aa8163d024,d04,True,57.498718253004526,2,6.3649491571754426,2.798349962632749,2,15.4953770671166,4,0.48502986103819401,0.91955820652616804,0.26478452126312713,0.29045331844313121,0.77454545454545454,0.70588235294117652,0.23474178403755869,0.66666666666666663,0.24539877300613497,0.25,0.956424494800313,0.75654286546757565,0.89305687098448516,0.8424822072132403,0.89898391726346683,0.39141161449096173,True,,1
bridge_p13_d01,antenna_characterization,1u1d_14d_bridge,1u1d,14,13,local_surprise,12nn_leave_one_out_residual,msabp-krvea-11var-stage2-learned-64-006,krvea_0039,results/raw/msabp-krvea-11var-stage2-learned-64-006/case_krvea_0039,ba3ef308d414563eeaaf01d8b6a3a06ab95b373275786c163087a26b274825df,d01,True,57.377371135010016,2,5.8798817580572038,2.8531072286832093,2,13.8087984809434,4,0.746052532891892,0.97382387831299122,0.53809569910768973,0.24315803945808381,0.77454545454545454,0.70588235294117652,0.23474178403755869,0.66666666666666663,0.24539877300613497,0.25,0.94023661135023862,0.93766803397552156,0.97182451388113023,0.58280835084146099,0.092648642265661552,0.69022035573078044,True,,1
bridge_p13_d02,antenna_characterization,1u1d_14d_bridge,1u1d,14,13,local_surprise,12nn_leave_one_out_residual,msabp-krvea-11var-stage2-learned-64-006,krvea_0039,results/raw/msabp-krvea-11var-stage2-learned-64-006/case_krvea_0039,ba3ef308d414563eeaaf01d8b6a3a06ab95b373275786c163087a26b274825df,d02,True,57.377371135010016,2,5.8798817580572038,2.8531072286832093,2,13.8087984809434,4,0.746052532891892,0.97382387831299122,0.53809569910768973,0.24315803945808381,0.77454545454545454,0.70588235294117652,0.23474178403755869,0.66666666666666663,0.24539877300613497,0.25,0.94023661135023862,0.93766803397552156,0.97182451388113023,0.27284868009534236,0.58963962118221891,0.86913124566574695,True,,1
bridge_p13_d03,antenna_characterization,1u1d_14d_bridge,1u1d,14,13,local_surprise,12nn_leave_one_out_residual,msabp-krvea-11var-stage2-learned-64-006,krvea_0039,results/raw/msabp-krvea-11var-stage2-learned-64-006/case_krvea_0039,ba3ef308d414563eeaaf01d8b6a3a06ab95b373275786c163087a26b274825df,d03,True,57.377371135010016,2,5.8798817580572038,2.8531072286832093,2,13.8087984809434,4,0.746052532891892,0.97382387831299122,0.53809569910768973,0.24315803945808381,0.77454545454545454,0.70588235294117652,0.23474178403755869,0.66666666666666663,0.24539877300613497,0.25,0.94023661135023862,0.93766803397552156,0.97182451388113023,0.33307844837416872,0.45327531738561744,0.14341657886582593,True,,1
bridge_p13_d04,antenna_characterization,1u1d_14d_bridge,1u1d,14,13,local_surprise,12nn_leave_one_out_residual,msabp-krvea-11var-stage2-learned-64-006,krvea_0039,results/raw/msabp-krvea-11var-stage2-learned-64-006/case_krvea_0039,ba3ef308d414563eeaaf01d8b6a3a06ab95b373275786c163087a26b274825df,d04,True,57.377371135010016,2,5.8798817580572038,2.8531072286832093,2,13.8087984809434,4,0.746052532891892,0.97382387831299122,0.53809569910768973,0.24315803945808381,0.77454545454545454,0.70588235294117652,0.23474178403755869,0.66666666666666663,0.24539877300613497,0.25,0.94023661135023862,0.93766803397552156,0.97182451388113023,0.8424822072132403,0.89898391726346683,0.39141161449096173,True,,1
bridge_p14_d01,antenna_characterization,1u1d_14d_bridge,1u1d,14,14,local_surprise,12nn_leave_one_out_residual,msabp-phase2-krvea-roi-radgain-64-001,krvea_0019,results/raw/msabp-phase2-krvea-roi-radgain-64-001/case_krvea_0019,bb7d02349ada020318ae6552d0cab79f1fe443c30476ad85a96fb5ae6ffd13c5,d01,True,58.245892468273802,2,5.4279562645754957,2.4211425872327963,2,14.129672089437539,4,0.74432271640593095,0.7310937608721495,0.41999183584285721,0.11335727304817959,0.77454545454545454,0.70588235294117652,0.23474178403755869,0.66666666666666663,0.24539877300613497,0.25,0.96284502932401816,0.52644940743749635,0.86266355644774173,0.58280835084146099,0.092648642265661552,0.69022035573078044,True,,1
bridge_p14_d02,antenna_characterization,1u1d_14d_bridge,1u1d,14,14,local_surprise,12nn_leave_one_out_residual,msabp-phase2-krvea-roi-radgain-64-001,krvea_0019,results/raw/msabp-phase2-krvea-roi-radgain-64-001/case_krvea_0019,bb7d02349ada020318ae6552d0cab79f1fe443c30476ad85a96fb5ae6ffd13c5,d02,True,58.245892468273802,2,5.4279562645754957,2.4211425872327963,2,14.129672089437539,4,0.74432271640593095,0.7310937608721495,0.41999183584285721,0.11335727304817959,0.77454545454545454,0.70588235294117652,0.23474178403755869,0.66666666666666663,0.24539877300613497,0.25,0.96284502932401816,0.52644940743749635,0.86266355644774173,0.27284868009534236,0.58963962118221891,0.86913124566574695,True,,1
bridge_p14_d03,antenna_characterization,1u1d_14d_bridge,1u1d,14,14,local_surprise,12nn_leave_one_out_residual,msabp-phase2-krvea-roi-radgain-64-001,krvea_0019,results/raw/msabp-phase2-krvea-roi-radgain-64-001/case_krvea_0019,bb7d02349ada020318ae6552d0cab79f1fe443c30476ad85a96fb5ae6ffd13c5,d03,True,58.245892468273802,2,5.4279562645754957,2.4211425872327963,2,14.129672089437539,4,0.74432271640593095,0.7310937608721495,0.41999183584285721,0.11335727304817959,0.77454545454545454,0.70588235294117652,0.23474178403755869,0.66666666666666663,0.24539877300613497,0.25,0.96284502932401816,0.52644940743749635,0.86266355644774173,0.33307844837416872,0.45327531738561744,0.14341657886582593,True,,1
bridge_p14_d04,antenna_characterization,1u1d_14d_bridge,1u1d,14,14,local_surprise,12nn_leave_one_out_residual,msabp-phase2-krvea-roi-radgain-64-001,krvea_0019,results/raw/msabp-phase2-krvea-roi-radgain-64-001/case_krvea_0019,bb7d02349ada020318ae6552d0cab79f1fe443c30476ad85a96fb5ae6ffd13c5,d04,True,58.245892468273802,2,5.4279562645754957,2.4211425872327963,2,14.129672089437539,4,0.74432271640593095,0.7310937608721495,0.41999183584285721,0.11335727304817959,0.77454545454545454,0.70588235294117652,0.23474178403755869,0.66666666666666663,0.24539877300613497,0.25,0.96284502932401816,0.52644940743749635,0.86266355644774173,0.8424822072132403,0.89898391726346683,0.39141161449096173,True,,1
bridge_p15_d01,antenna_characterization,1u1d_14d_bridge,1u1d,14,15,local_surprise,12nn_leave_one_out_residual,msabp-krvea-11var-smoke-128-001,krvea_0095,results/raw/msabp-krvea-11var-smoke-128-001/case_krvea_0095,9a6b4887f9d629ac53c9109efe208a7d40a8884979773e74522e6aa5bd01f93c,d01,True,48.867026726708971,2,5.4308234252047729,2.4332143944321105,2,13.53390672091345,4,0.695805381917041,0.97250618010050061,0.26198842339027523,0.2252065669264515,0.77454545454545454,0.70588235294117652,0.23474178403755869,0.66666666666666663,0.24539877300613497,0.25,0.14123019609800311,0.19852046048486971,0.64883635526227834,0.58280835084146099,0.092648642265661552,0.69022035573078044,True,,1
bridge_p15_d02,antenna_characterization,1u1d_14d_bridge,1u1d,14,15,local_surprise,12nn_leave_one_out_residual,msabp-krvea-11var-smoke-128-001,krvea_0095,results/raw/msabp-krvea-11var-smoke-128-001/case_krvea_0095,9a6b4887f9d629ac53c9109efe208a7d40a8884979773e74522e6aa5bd01f93c,d02,True,48.867026726708971,2,5.4308234252047729,2.4332143944321105,2,13.53390672091345,4,0.695805381917041,0.97250618010050061,0.26198842339027523,0.2252065669264515,0.77454545454545454,0.70588235294117652,0.23474178403755869,0.66666666666666663,0.24539877300613497,0.25,0.14123019609800311,0.19852046048486971,0.64883635526227834,0.27284868009534236,0.58963962118221891,0.86913124566574695,True,,1
bridge_p15_d03,antenna_characterization,1u1d_14d_bridge,1u1d,14,15,local_surprise,12nn_leave_one_out_residual,msabp-krvea-11var-smoke-128-001,krvea_0095,results/raw/msabp-krvea-11var-smoke-128-001/case_krvea_0095,9a6b4887f9d629ac53c9109efe208a7d40a8884979773e74522e6aa5bd01f93c,d03,True,48.867026726708971,2,5.4308234252047729,2.4332143944321105,2,13.53390672091345,4,0.695805381917041,0.97250618010050061,0.26198842339027523,0.2252065669264515,0.77454545454545454,0.70588235294117652,0.23474178403755869,0.66666666666666663,0.24539877300613497,0.25,0.14123019609800311,0.19852046048486971,0.64883635526227834,0.33307844837416872,0.45327531738561744,0.14341657886582593,True,,1
bridge_p15_d04,antenna_characterization,1u1d_14d_bridge,1u1d,14,15,local_surprise,12nn_leave_one_out_residual,msabp-krvea-11var-smoke-128-001,krvea_0095,results/raw/msabp-krvea-11var-smoke-128-001/case_krvea_0095,9a6b4887f9d629ac53c9109efe208a7d40a8884979773e74522e6aa5bd01f93c,d04,True,48.867026726708971,2,5.4308234252047729,2.4332143944321105,2,13.53390672091345,4,0.695805381917041,0.97250618010050061,0.26198842339027523,0.2252065669264515,0.77454545454545454,0.70588235294117652,0.23474178403755869,0.66666666666666663,0.24539877300613497,0.25,0.14123019609800311,0.19852046048486971,0.64883635526227834,0.8424822072132403,0.89898391726346683,0.39141161449096173,True,,1
bridge_p16_d01,antenna_characterization,1u1d_14d_bridge,1u1d,14,16,local_surprise,12nn_leave_one_out_residual,msabp-krvea-11var-smoke-128-001,krvea_0100,results/raw/msabp-krvea-11var-smoke-128-001/case_krvea_0100,e359ca24a79f11e59b6d364d7fc1973ef905ef567eaa451c41ae67d10d0e4166,d01,True,48.022704083242338,2,5.4046380796206721,2.4702513823760297,2,13.509087664440097,4,0.56720064997788122,0.70065248505002575,0.26251733692725843,1.2288359003260336e-06,0.77454545454545454,0.70588235294117652,0.23474178403755869,0.66666666666666663,0.24539877300613497,0.25,0.40680123355098641,0.55881901487341012,0.86349061083988765,0.58280835084146099,0.092648642265661552,0.69022035573078044,True,,1
bridge_p16_d02,antenna_characterization,1u1d_14d_bridge,1u1d,14,16,local_surprise,12nn_leave_one_out_residual,msabp-krvea-11var-smoke-128-001,krvea_0100,results/raw/msabp-krvea-11var-smoke-128-001/case_krvea_0100,e359ca24a79f11e59b6d364d7fc1973ef905ef567eaa451c41ae67d10d0e4166,d02,True,48.022704083242338,2,5.4046380796206721,2.4702513823760297,2,13.509087664440097,4,0.56720064997788122,0.70065248505002575,0.26251733692725843,1.2288359003260336e-06,0.77454545454545454,0.70588235294117652,0.23474178403755869,0.66666666666666663,0.24539877300613497,0.25,0.40680123355098641,0.55881901487341012,0.86349061083988765,0.27284868009534236,0.58963962118221891,0.86913124566574695,True,,1
bridge_p16_d03,antenna_characterization,1u1d_14d_bridge,1u1d,14,16,local_surprise,12nn_leave_one_out_residual,msabp-krvea-11var-smoke-128-001,krvea_0100,results/raw/msabp-krvea-11var-smoke-128-001/case_krvea_0100,e359ca24a79f11e59b6d364d7fc1973ef905ef567eaa451c41ae67d10d0e4166,d03,True,48.022704083242338,2,5.4046380796206721,2.4702513823760297,2,13.509087664440097,4,0.56720064997788122,0.70065248505002575,0.26251733692725843,1.2288359003260336e-06,0.77454545454545454,0.70588235294117652,0.23474178403755869,0.66666666666666663,0.24539877300613497,0.25,0.40680123355098641,0.55881901487341012,0.86349061083988765,0.33307844837416872,0.45327531738561744,0.14341657886582593,True,,1
bridge_p16_d04,antenna_characterization,1u1d_14d_bridge,1u1d,14,16,local_surprise,12nn_leave_one_out_residual,msabp-krvea-11var-smoke-128-001,krvea_0100,results/raw/msabp-krvea-11var-smoke-128-001/case_krvea_0100,e359ca24a79f11e59b6d364d7fc1973ef905ef567eaa451c41ae67d10d0e4166,d04,True,48.022704083242338,2,5.4046380796206721,2.4702513823760297,2,13.509087664440097,4,0.56720064997788122,0.70065248505002575,0.26251733692725843,1.2288359003260336e-06,0.77454545454545454,0.70588235294117652,0.23474178403755869,0.66666666666666663,0.24539877300613497,0.25,0.40680123355098641,0.55881901487341012,0.86349061083988765,0.8424822072132403,0.89898391726346683,0.39141161449096173,True,,1
